species,clade,superorder,order,family,status,tip_age,age_max,age_min,Mass,Activity,Diet,Sociality,Locomotion,specimen_ID,source,reference
Abrocoma_cinerea,Placentalia,Euarchontoglires,Rodentia,Abrocomidae,extant,0,0,0,193.64,NA,NA,Social,NA,UMMZ:mammals:120621,https://n2t.net/ark:/87602/m4/M141118,"77, 124"
Abrothrix_olivacea,Placentalia,Euarchontoglires,Rodentia,Cricetidae,extant,0,0,0,24.52,Mixed,Omnivore,NA,Terrestrial,uf:mammals:24367,https://n2t.net/ark:/87602/m4/M133879,"77, 124"
Acinonyx_jubatus,Placentalia,Laurasiatheria,Carnivora,Felidae,extant,0,0,0,50577.92,Diurnal,Carnivore,Social,Terrestrial,AMNH:FM:145071,https://n2t.net/ark:/87602/m4/474935,"77, 124"
Acomys_cahirinus,Placentalia,Euarchontoglires,Rodentia,Muridae,extant,0,0,0,41.16,Nocturnal,Omnivore,Social,Terrestrial,nhmuk:65.789-793,https://n2t.net/ark:/87602/m4/420499,"77, 124"
Acrobates_pygmaeus,Metatheria,Marsupialia,Diprotodontia,Acrobatidae,extant,0,0,0,13.84,NA,Omnivore,Social,Arboreal,NHMUK:ZOO:ZD 1882.7.29.23,https://n2t.net/ark:/87602/m4/M52800,"77, 124"
Adapis_parisiensis,Placentalia,Euarchontoglires,Primates,Adapidae,extinct,37.465,41.03,33.9,2350,NA,Herbivore,NA,Arboreal,NHMUK:PAL:PV M 1345,https://n2t.net/ark:/87602/m4/M1949,"9, 16, 131"
Adinotherium_ovinum,Placentalia,Laurasiatheria,Notoungulata,Toxodontidae,extinct,16.9,17.5,16.3,120000,NA,Carnivore,NA,Terrestrial,fmnh:pm:12986,https://n2t.net/ark:/87602/m4/387949,"99, 132"
Aenocyon_dirus,Placentalia,Laurasiatheria,Carnivora,Canidae,extinct,1.297,2.58,0.014,63366,NA,Carnivore,Social,Terrestrial,LACM:rlb:HC 2300-82,https://n2t.net/ark:/87602/m4/384303,"104, 133"
Aepeomys_lugens,Placentalia,Euarchontoglires,Rodentia,Cricetidae,extant,0,0,0,37,NA,NA,NA,NA,UMMZ:mammals:156384,https://n2t.net/ark:/87602/m4/M65522,"77, 124"
Aethalops_alecto,Placentalia,Laurasiatheria,Chiroptera,Pteropodidae,extant,0,0,0,15,NA,NA,NA,Volant,AMNH:Mammals:M-247163,https://n2t.net/ark:/87602/m4/M36128,"77, 124"
Agriochoerus_sp,Placentalia,Laurasiatheria,Artiodactyla,Agriochoeridae,extinct,30.65,31.8,29.5,52533,NA,Herbivore,NA,Semi-arboreal,AMNH:F:AM:95330,https://doi.org/10.18563/m3.sf.1067,"64, 104, 130"
Ailuropoda_melanoleuca,Placentalia,Laurasiatheria,Carnivora,Ursidae,extant,0,0,0,117999.99,Mixed,Herbivore,Solitary,Terrestrial,AMNH:Mammals:M-89030,https://n2t.net/ark:/87602/m4/M88366,"77, 124"
Ailurus_fulgens,Placentalia,Laurasiatheria,Carnivora,Ailuridae,extant,0,0,0,5170.08,Mixed,Herbivore,Social,Arboreal,ummz:mammals:114841,https://n2t.net/ark:/87602/m4/674780,"77, 124"
Albacetus_salvifactus,Placentalia,Laurasiatheria,Artiodactyla,Cetotheriidae,extinct,8.085,8.37,7.8,7200000,NA,NA,NA,Aquatic,MCFEA:G1621,https://n2t.net/ark:/87602/m4/635996,81
Alcelaphus_buselaphus,Placentalia,Laurasiatheria,Artiodactyla,Bovidae,extant,0,0,0,160937.86,Diurnal,Herbivore,Social,Terrestrial,zmh-s:7487,https://n2t.net/ark:/87602/m4/M72021,"77, 124"
Alces_alces,Placentalia,Laurasiatheria,Artiodactyla,Cervidae,extant,0,0,0,461900.76,Mixed,Herbivore,Solitary,Terrestrial,OUVC:9742,https://www.digimorph.org/specimens/Alces_alces/,"77, 124"
Alouatta_palliata,Placentalia,Euarchontoglires,Primates,Atelidae,extant,0,0,0,6576.99,Diurnal,Herbivore,Social,Arboreal,du:ea:LP39,https://n2t.net/ark:/87602/m4/M3792,"77, 124"
Alticola_argentatus,Placentalia,Euarchontoglires,Rodentia,Cricetidae,extant,0,0,0,37.69,NA,Herbivore,NA,Terrestrial,uf:mammals:27219,https://n2t.net/ark:/87602/m4/M133925,"77, 124"
Amblysomus_hottentotus,Placentalia,Afrotheria,Afrosoricida,Chrysochloridae,extant,0,0,0,62.6,Mixed,Omnivore,Solitary,Fossorial,USNM:MAMM:344218,https://n2t.net/ark:/87602/m4/M71503,"77, 124"
Amynodon_advenus,Placentalia,Laurasiatheria,Perissodactyla,Amynodontidae,extinct,42.8,45.9,39.7,263000,NA,NA,NA,NA,YPM:VP:011453,https://n2t.net/ark:/87602/m4/392380,"99, 128, 134"
Anomalurus_beecrofti,Placentalia,Euarchontoglires,Rodentia,Anomaluridae,extant,0,0,0,479.07,Nocturnal,Herbivore,Social,Arboreal,AMNH:Mammals:M-50483,https://n2t.net/ark:/87602/m4/M114569,"77, 124"
Anoplotherium_sp,Placentalia,Laurasiatheria,Artiodactyla,Anoplotheriidae,extinct,35.805,37.71,33.9,256658,NA,Herbivore,NA,Terrestrial,not numbered,https://doi.org/10.18563/m3.sf.1071,"104, 135"
Anotomys_leander,Placentalia,Euarchontoglires,Rodentia,Cricetidae,extant,0,0,0,66.39,NA,Carnivore,NA,Semi-Aquatic,ummz:mammals:155603,https://n2t.net/ark:/87602/m4/673837,"77, 124"
Anoura_geoffroyi,Placentalia,Laurasiatheria,Chiroptera,Phyllostomidae,extant,0,0,0,15.15,NA,Omnivore,Social,Volant,UMMZ:mammals:108647,https://n2t.net/ark:/87602/m4/M34513,"77, 124"
Anourosorex_squamipes,Placentalia,Laurasiatheria,Eulipotyphla,Soricidae,extant,0,0,0,20,NA,NA,NA,Fossorial,nhmuk:zoo:1933.4.1.165,https://n2t.net/ark:/87602/m4/M157301,"77, 124"
Antechinus_flavipes,Metatheria,Marsupialia,Dasyuromorphia,Dasyuridae,extant,0,0,0,44.33,Mixed,Carnivore,NA,Semi-arboreal,QMF:31408,"Weisbecker et al., 2021","77, 124"
Antilocapra_americana,Placentalia,Laurasiatheria,Artiodactyla,Antilocapridae,extant,0,0,0,47450.01,NA,Herbivore,Social,Terrestrial,USNM:MAMM:USNM 282308,https://n2t.net/ark:/87602/m4/M100275,"77, 124"
Antrozous_pallidus,Placentalia,Laurasiatheria,Chiroptera,Vespertilionidae,extant,0,0,0,22.24,NA,Carnivore,Social,Volant,UMMZ:mammals:86542,https://n2t.net/ark:/87602/m4/M34517,"77, 124"
Aotus_trivirgatus,Placentalia,Euarchontoglires,Primates,Aotidae,extant,0,0,0,912.4,Nocturnal,Omnivore,Social,Arboreal,ummz:mammals:124693,https://n2t.net/ark:/87602/m4/671742,"77, 124"
Aplodontia_rufa,Placentalia,Euarchontoglires,Rodentia,Aplodontiidae,extant,0,0,0,806.21,NA,Herbivore,Solitary,Semi-fossorial,ummz:mammals:88581,https://n2t.net/ark:/87602/m4/673893,"77, 124"
Apterodon_macrognathus,Placentalia,Laurasiatheria,Hyaenodonta,Hyainailouridae,extinct,32.505,37.71,27.3,47007,NA,Carnivore,NA,Semi-Aquatic,fmnh:pm:57147,https://n2t.net/ark:/87602/m4/518818,"64, 99, 136"
Archaeolemur_sp,Placentalia,Euarchontoglires,Primates,Archaeolemuridae,extinct,0.00585,0.0117,0,26500,NA,Herbivore,NA,Terrestrial,dpc:24813,https://n2t.net/ark:/87602/m4/M90343,"105, 137, 138"
Archaeotherium_mortoni,Placentalia,Laurasiatheria,Artiodactyla,Entelodontidae,extinct,34.4,37,31.8,230000,NA,Omnivore,NA,Terrestrial,YPM:VPPU:10908,https://n2t.net/ark:/87602/m4/392360,"99, 130, 139"
Arctocyon_primaevus,Placentalia,Laurasiatheria,Arctocyonia,Arctocyonidae,extinct,57.62,59.24,56,16144,NA,Omnivore,NA,NA,mnhn:f:cr700,https://n2t.net/ark:/87602/m4/411215,"99, 140"
Arctodus_simus,Placentalia,Laurasiatheria,Carnivora,Ursidae,extinct,2.356,4.7,0.0117,525763,NA,Carnivore,NA,Terrestrial,fmnh:pm:59022,https://n2t.net/ark:/87602/m4/411151,"99, 141"
Argyrocetus_joaquinensis,Placentalia,Laurasiatheria,Artiodactyla,Argyrocetidae,extinct,25.17,27.3,23.04,80100,NA,NA,NA,Aquatic,USNM:PAL:V11996,https://n2t.net/ark:/87602/m4/451506,"99, 142, 143"
Artibeus_planirostris,Placentalia,Laurasiatheria,Chiroptera,Phyllostomidae,extant,0,0,0,43.63,NA,Omnivore,Social,Volant,UMMZ:mammals:126736,https://n2t.net/ark:/87602/m4/M34739,"77, 124"
Arvicola_scherman,Placentalia,Euarchontoglires,Rodentia,Cricetidae,extant,0,0,0,272,NA,Herbivore,NA,Fossorial,UMMZ:mammals:138456,https://n2t.net/ark:/87602/m4/M65521,"16, 124"
Asellia_tridens,Placentalia,Laurasiatheria,Chiroptera,Hipposideridae,extant,0,0,0,12.94,NA,Carnivore,NA,Volant,UMMZ:mammals:160968,https://n2t.net/ark:/87602/m4/M55749,"77, 124"
Ateles_geoffroyi,Placentalia,Euarchontoglires,Primates,Atelidae,extant,0,0,0,7582.4,Diurnal,Herbivore,Social,Arboreal,USNM:MAMM:291056,https://n2t.net/ark:/87602/m4/M12831,"77, 124"
Aulophyseter_morricei,Placentalia,Laurasiatheria,Artiodactyla,Physeteroidea,extinct,14.9,15.98,13.82,8508540,NA,NA,NA,Aquatic,USNM:PAL:V11230,https://n2t.net/ark:/87602/m4/451512,"99, 142"
Australopithecus_africanus,Placentalia,Euarchontoglires,Primates,Hominidae,extant,3.94,5.3,2.58,30500,NA,NA,NA,Terrestrial,STS:5,"Weber et al., 1997","16, 98"
Babakotia_radofilai,Placentalia,Euarchontoglires,Primates,Palaepropithecidae,extinct,0.00585,0.0117,0,21000,NA,Herbivore,NA,Arboreal,DPC:10994,https://n2t.net/ark:/87602/m4/613313,"105, 132, 137, 138"
Baiomys_taylori,Placentalia,Euarchontoglires,Rodentia,Cricetidae,extant,0,0,0,7.43,Mixed,Herbivore,NA,Terrestrial,UMMZ:mammals:108722,https://n2t.net/ark:/87602/m4/M68560,"77, 124"
Balbaroo_nalima,Metatheria,Marsupialia,Diprotodontia,Balbaridae,extinct,13.805,15.98,11.63,9400,NA,Herbivore,NA,Terrestrial,QMF:31408,"Weisbecker et al., 2021",34
Barinya_wangala,Metatheria,Marsupialia,Dasyuromorphia,Dasyuridae,extant,19.515,23.05,15.98,445,NA,NA,NA,NA,QMF:36295,"Weisbecker et al., 2021","34, 144"
Barylambda_schmidti,Placentalia,Laurasiatheria,Pantodonta,Barylambdidae,extinct,54.3,57.5,51.1,620000,NA,Herbivore,NA,Terrestrial,fmnh:p:15573,https://n2t.net/ark:/87602/m4/405069,"99, 127"
Bathyergus_suillus,Placentalia,Euarchontoglires,Rodentia,Bathyergidae,extant,0,0,0,777.38,NA,Herbivore,Solitary,Fossorial,nml:19.8.75.14,https://n2t.net/ark:/87602/m4/M46728,"77, 124"
Batomys_salomonseni,Placentalia,Euarchontoglires,Rodentia,Muridae,extant,0,0,0,185.76,NA,Herbivore,NA,NA,ummz:mammals:160431,https://n2t.net/ark:/87602/m4/672426,"77, 124"
Beamys_hindei,Placentalia,Euarchontoglires,Rodentia,Nesomyidae,extant,0,0,0,75.8,NA,NA,NA,NA,ummz:mammals:121019,https://n2t.net/ark:/87602/m4/673823,"77, 124"
Berylmys_bowersi,Placentalia,Euarchontoglires,Rodentia,Muridae,extant,0,0,0,358.68,NA,NA,NA,NA,ummz:mammals:117164,https://n2t.net/ark:/87602/m4/672696,"77, 124"
Bettongia_penicillata,Metatheria,Marsupialia,Diprotodontia,Potoroidae,extant,0,0,0,1184.35,Nocturnal,Herbivore,Solitary,Semi-fossorial,SAM 24247,Phenome10K,"77, 124"
Bison_bison,Placentalia,Laurasiatheria,Artiodactyla,Bovidae,extant,0,0,0,624577.07,Mixed,Herbivore,Social,Terrestrial,YPM:3405,https://doi.org/10.6084/m9.figshare.26861932,"77, 124"
Blarina_brevicauda,Placentalia,Laurasiatheria,Eulipotyphla,Soricidae,extant,0,0,0,18.56,Nocturnal,Omnivore,Solitary,Terrestrial,UMMZ:mammals:47268,https://n2t.net/ark:/87602/m4/M68619,"77, 124"
Blarinella_quadraticauda,Placentalia,Laurasiatheria,Eulipotyphla,Soricidae,extant,0,0,0,12.5,NA,NA,NA,NA,AMNH:Mammals:M-114755,https://n2t.net/ark:/87602/m4/692646,"77, 124"
Borhyaena_tuberata,Metatheria,Sparassodonta,Sparassodonta,Borhyaenidae,extinct,16.9,17.5,16.3,23000,NA,Carnivore,NA,Terrestrial,YPM:PU:15120,"Weisbecker et al., 2021","34, 90"
Bradypus_tridactylus,Placentalia,Xenarthra,Pilosa,Bradypodidae,extant,0,0,0,4375.8,Mixed,Herbivore,Solitary,Arboreal,NHMUK 1867.4.12.579,Phenome10K,"77, 124"
Caenolestes_fuliginosus,Metatheria,Marsupialia,Paucituberculata,Caenolestidae,extant,0,0,0,28.64,Mixed,Omnivore,Solitary,Arboreal,KU:KUM:124015,https://n2t.net/ark:/87602/m4/M116130,"77, 124"
Caenomeryx_filholi,Placentalia,Laurasiatheria,Artiodactyla,Cainotheriidae,extinct,30.6,33.9,27.3,3960,NA,Herbivore,NA,Terrestrial,UM:PDS:2570,https://doi.org/10.18563/m3.sf.1069,"104, 135"
Callosciurus_notatus,Placentalia,Euarchontoglires,Rodentia,Sciuridae,extant,0,0,0,209.49,Diurnal,Omnivore,NA,Arboreal,NHMUK:ZOO:1975.1337,https://n2t.net/ark:/87602/m4/M157332,"77, 124"
Calomys_laucha,Placentalia,Euarchontoglires,Rodentia,Cricetidae,extant,0,0,0,14,NA,Omnivore,NA,NA,UMMZ:mammals:134402,https://n2t.net/ark:/87602/m4/M68595,"77, 124"
Calomyscus_bailwardi,Placentalia,Euarchontoglires,Rodentia,Calomyscidae,extant,0,0,0,21.38,NA,NA,NA,NA,UMMZ:mammals:167649,https://n2t.net/ark:/87602/m4/M64407,"77, 124"
Caluromys_philander,Metatheria,Marsupialia,Didelphimorphia,Didelphidae,extant,0,0,0,246.47,Nocturnal,Omnivore,Solitary,Arboreal,AMNH:95526,"Weisbecker et al., 2021","77, 124"
Caperea_marginata,Placentalia,Laurasiatheria,Artiodactyla,Cetotheriidae,extant,0,0,0,3200000,NA,Carnivore,NA,Aquatic,nmv:mammalogy:38157,https://n2t.net/ark:/87602/m4/347435,"77, 124"
Capreolus_capreolus,Placentalia,Laurasiatheria,Artiodactyla,Cervidae,extant,0,0,0,22502.01,Mixed,Herbivore,Social,Terrestrial,ummz:mammals:125684,https://n2t.net/ark:/87602/m4/673236,"77, 124"
Capromys_pilorides,Placentalia,Euarchontoglires,Rodentia,Capromyidae,extant,0,0,0,5200,NA,Omnivore,Social,NA,ummz:mammals:77811,https://n2t.net/ark:/87602/m4/675391 ,"77, 124"
Carpocyon_webbi,Placentalia,Laurasiatheria,Carnivora,Canidae,extinct,10.5,16.3,4.7,32000,NA,Omnivore,NA,Terrestrial,amnh:fm:61328,https://n2t.net/ark:/87602/m4/395522,"99, 145"
Castor_canadensis,Placentalia,Euarchontoglires,Rodentia,Castoridae,extant,0,0,0,18124.41,Mixed,Herbivore,Social,Aquatic,AMNH:Mammals:M-150136,https://n2t.net/ark:/87602/m4/598434,"77, 124"
Catonyx_tarijensis,Placentalia,Xenarthra,Pilosa,Scelidotheriidae,extinct,2.67,5.333,0.0117,1159700,NA,Herbivore,NA,Terrestrial,MNHN:Bol:13364,Alberto Boscaini,"108, 132"
Cavia_porcellus,Placentalia,Euarchontoglires,Rodentia,Caviidae,extant,0,0,0,727.99,NA,Herbivore,Social,Terrestrial,hacb:CP3,https://n2t.net/ark:/87602/m4/M47035,"77, 124"
Cebochoerus_lacustris,Placentalia,Laurasiatheria,Artiodactyla,Cebochoeridae,extinct,35.805,37.71,33.9,8000,NA,Herbivore,NA,Terrestrial,fmnh:pm:59051,https://n2t.net/ark:/87602/m4/399515,"99, 146"
Cedromus_wilsoni,Placentalia,Euarchontoglires,Rodentia,Sciuridae,extinct,31.7,33.9,29.5,393.49,NA,NA,NA,NA,USNM:PAL:256584,https://n2t.net/ark:/87602/m4/M12079,"9, 37, 73, 107, 147"
Cephalophus_leucogaster,Placentalia,Laurasiatheria,Artiodactyla,Bovidae,extant,0,0,0,13208.69,Diurnal,Herbivore,NA,Terrestrial,AMNH:M:52802,https://doi.org/10.6084/m9.figshare.26861932,"77, 124"
Ceratotherium_simum,Placentalia,Laurasiatheria,Perissodactyla,Rhinocerotidae,extant,0,0,0,2285939.43,Mixed,Herbivore,Social,Terrestrial,zmh-s:2552,https://n2t.net/ark:/87602/m4/M72022,"77, 124"
Cercartetus_concinnus,Metatheria,Marsupialia,Diprotodontia,Burramyidae,extant,0,0,0,15.96,Nocturnal,Herbivore,Solitary,Arboreal,NHMUK:ZOO:ZD 1897.11.18.1,https://n2t.net/ark:/87602/m4/M82415,"77, 124"
Cercopithecus_ascanius,Placentalia,Euarchontoglires,Primates,Cercopithecidae,extant,0,0,0,3540.24,Diurnal,Omnivore,Social,Arboreal,sbu:rs:81-11,https://n2t.net/ark:/87602/m4/M22475,"77, 124"
Cerdocyon_thous,Placentalia,Laurasiatheria,Carnivora,Canidae,extant,0,0,0,5741.66,Nocturnal,Omnivore,Social,Terrestrial,ummz:mammals:157855,https://n2t.net/ark:/87602/m4/674794,"77, 124"
Chadronia_margaretae,Placentalia,Laurasiatheria,Pantolesta,Pantolestidae,extinct,35.45,37,33.9,7500,NA,NA,NA,NA,amnh:fm:109412,https://n2t.net/ark:/87602/m4/395529,"99, 149"
Chaeropus_ecaudatus,Metatheria,Marsupialia,Peramelemorphia,Chaeropodidae,extinct,0,0,0,219.51,Mixed,Omnivore,NA,Terrestrial,SAMA:Mammalogy:M3971,https://n2t.net/ark:/87602/m4/557564,"77, 124"
Chaetodipus_penicillatus,Placentalia,Euarchontoglires,Rodentia,Heteromyidae,extant,0,0,0,15.57,Nocturnal,Herbivore,Solitary,Terrestrial,uf:mammals:10053,https://n2t.net/ark:/87602/m4/M140401,"77, 124"
Cheirogaleus_medius,Placentalia,Euarchontoglires,Primates,Cheirogaleidae,extant,0,0,0,196.76,Nocturnal,Omnivore,Solitary,Arboreal,du:ea:41,https://n2t.net/ark:/87602/m4/369240,"77, 124"
Chibchanomys_trichotis,Placentalia,Euarchontoglires,Rodentia,Cricetidae,extant,0,0,0,49.99,NA,Carnivore,NA,NA,ummz:mammals:156532,https://n2t.net/ark:/87602/m4/673852,"77, 124"
Chinchilla_lanigera,Placentalia,Euarchontoglires,Rodentia,Chinchillidae,extant,0,0,0,480.28,Mixed,Herbivore,Social,Terrestrial,LACM:Mammals:51598,https://n2t.net/ark:/87602/m4/M114253,"77, 124"
Chlamyphorus_truncatus,Placentalia,Xenarthra,Cingulata,Chlamyphoridae,extant,0,0,0,83.53,Mixed,Omnivore,Solitary,Fossorial,nhmuk:1911.9.6.1,https://n2t.net/ark:/87602/m4/420535,"77, 124"
Chlorocebus_aethiops,Placentalia,Euarchontoglires,Primates,Cercopithecidae,extant,0,0,0,3695.99,NA,Omnivore,Social,Semi-arboreal,sbu:rs:87-3,https://n2t.net/ark:/87602/m4/M23850,"77, 124"
Choloepus_hoffmanni,Placentalia,Xenarthra,Pilosa,Choloepodidae,extant,0,0,0,5893.5,Mixed,Herbivore,Solitary,Arboreal,usnm:mammals:578427,https://n2t.net/ark:/87602/m4/M99418,"77, 124"
Chrysochloris_asiatica,Placentalia,Afrotheria,Afrosoricida,Chrysochloridae,extant,0,0,0,37.16,Mixed,Carnivore,Solitary,Fossorial,UMZC:Vertebrates:E.5472.F,https://n2t.net/ark:/87602/m4/420541,"77, 124"
Civettictis_civetta,Placentalia,Laurasiatheria,Carnivora,Viverridae,extant,0,0,0,12075.58,Nocturnal,Omnivore,Solitary,NA,dnmnh:1190,https://n2t.net/ark:/87602/m4/M114733,"77, 124"
Clethrionomys_glareolus,Placentalia,Euarchontoglires,Rodentia,Cricetidae,extant,0,0,0,20.73,NA,Omnivore,Solitary,Terrestrial,NHMUK:ZOO:1982.0289-0290,https://n2t.net/ark:/87602/m4/569472,"77, 124"
Colobus_angolensis,Placentalia,Euarchontoglires,Primates,Cercopithecidae,extant,0,0,0,8990.31,Diurnal,Herbivore,Social,Arboreal,sbu:rs:83-5,https://n2t.net/ark:/87602/m4/M23532,"77, 124"
Condylura_cristata,Placentalia,Laurasiatheria,Eulipotyphla,Talpidae,extant,0,0,0,48.15,Mixed,Carnivore,Solitary,Fossorial,UMMZ:mammals:80270,https://n2t.net/ark:/87602/m4/M159817,"77, 124"
Cormohipparion_occidentale,Placentalia,Laurasiatheria,Perissodactyla,Equidae,extinct,7.49,12.5,2.48,151000,NA,Herbivore,NA,Terrestrial,amnh:fm:71866,https://n2t.net/ark:/87602/m4/395535,"99, 151"
Craseonycteris_thonglongyai,Placentalia,Laurasiatheria,Chiroptera,Craseonycteridae,extant,0,0,0,1.96,Nocturnal,Carnivore,Social,Volant,USNM:M-:528306,https://n2t.net/ark:/87602/m4/475218,"77, 124"
Cricetomys_gambianus,Placentalia,Euarchontoglires,Rodentia,Nesomyidae,extant,0,0,0,1267.52,NA,Herbivore,Solitary,Terrestrial,umzc:E.2262,https://n2t.net/ark:/87602/m4/M50458,"77, 124"
Cricetus_cricetus,Placentalia,Euarchontoglires,Rodentia,Cricetidae,extant,0,0,0,428.95,NA,Herbivore,Solitary,Fossorial,UMMZ:mammals:108463,https://n2t.net/ark:/87602/m4/M64394,"77, 124"
Crocuta_crocuta,Placentalia,Laurasiatheria,Carnivora,Hyaenidae,extant,0,0,0,63369.98,Nocturnal,Carnivore,Social,Terrestrial,ummz:mammals:163808,https://n2t.net/ark:/87602/m4/671714,"77, 124"
Cryptoprocta_ferox,Placentalia,Laurasiatheria,Carnivora,Eupleridae,extant,0,0,0,9500,Mixed,Carnivore,Solitary,Semi-arboreal,MCZ:Mamm:47494,https://n2t.net/ark:/87602/m4/446420,"77, 124"
Ctenodactylus_sp,Placentalia,Euarchontoglires,Rodentia,Ctenodactylidae,extant,0,0,0,173.6,Diurnal,Herbivore,Social,Terrestrial,AMNH:Mammals:M-239586,https://n2t.net/ark:/87602/m4/M101290,"77, 124"
Ctenomys_conoveri,Placentalia,Euarchontoglires,Rodentia,Ctenomyidae,extant,0,0,0,859.99,NA,Herbivore,NA,Fossorial,UMMZ:mammals:125553,https://n2t.net/ark:/87602/m4/430487,"77, 124"
Cuniculus_taczanowskii,Placentalia,Euarchontoglires,Rodentia,Cuniculidae,extant,0,0,0,8999.95,Nocturnal,Herbivore,Solitary,Terrestrial,FMNH:Mammals:70804,https://n2t.net/ark:/87602/m4/M141347,"77, 124"
Cyclopes_didactylus,Placentalia,Xenarthra,Pilosa,Cyclopedidae,extant,0,0,0,263.95,Nocturnal,Carnivore,Solitary,Arboreal,NHMUK 1926.12.4.68,Phenome10K,"77, 124"
Cynocephalus_volans,Placentalia,Euarchontoglires,Dermoptera,Cynocephalidae,extant,0,0,0,1250,Mixed,Herbivore,Solitary,Arboreal,USNM:MAMM:USNM 462159,https://n2t.net/ark:/87602/m4/M13152,"77, 124"
Cynodictis_cayluxi,Placentalia,Laurasiatheria,Carnivora,Amphicyonidae,extinct,37.685,48.07,27.3,2800,NA,Carnivore,NA,NA,fmnh:pm:59013,https://n2t.net/ark:/87602/m4/399521,"99, 145"
Cynohyaenodon_cayluxi,Placentalia,Laurasiatheria,Hyaenodonta,Hyaenodontidae,extinct,37.465,41.03,33.9,5392,NA,Carnivore,NA,NA,fmnh:pm:57153,https://n2t.net/ark:/87602/m4/399527,"64, 99, 136"
Dactylomys_boliviensis,Placentalia,Euarchontoglires,Rodentia,Echimyidae,extant,0,0,0,728.8,NA,Herbivore,NA,Arboreal,ummz:mammals:127168,https://n2t.net/ark:/87602/m4/672660,"77, 124"
Dactylopsila_trivirgata,Metatheria,Marsupialia,Diprotodontia,Petauridae,extant,0,0,0,413.41,Nocturnal,Omnivore,NA,Arboreal,NHMUK:ZOO:ZD 1897.8.7.79,https://n2t.net/ark:/87602/m4/M68263,"77, 124"
Dasyprocta_leporina,Placentalia,Euarchontoglires,Rodentia,Dasyproctidae,extant,0,0,0,3009.99,Diurnal,Herbivore,NA,Terrestrial,ummz:mammals:46411,https://n2t.net/ark:/87602/m4/675356,"77, 124"
Dasypus_novemcinctus,Placentalia,Xenarthra,Cingulata,Dasypodidae,extant,0,0,0,3949.01,Mixed,Omnivore,Solitary,Semi-fossorial,UMMZ:mammals:80275,https://n2t.net/ark:/87602/m4/M64412,"77, 124"
Dasyurus_hallucatus,Metatheria,Marsupialia,Dasyuromorphia,Dasyuridae,extant,0,0,0,470.92,Mixed,Carnivore,NA,Terrestrial,TMM:M:5291,https://n2t.net/ark:/87602/m4/M116114,"77, 124"
Daubentonia_madagascariensis,Placentalia,Euarchontoglires,Primates,Daubentoniidae,extant,0,0,0,2731.37,Nocturnal,Omnivore,Solitary,Arboreal,AMNH:Mammals:M-185640,https://n2t.net/ark:/87602/m4/M16291,"77, 124"
Delphinus_delphis,Placentalia,Laurasiatheria,Artiodactyla,Delphinidae,extant,0,0,0,79271.69,NA,Carnivore,Social,Aquatic,SAMA:Mammalogy:M18049,https://n2t.net/ark:/87602/m4/597772,"77, 124"
Dendrolagus_lumholtzi,Metatheria,Marsupialia,Diprotodontia,Macropodidae,extant,0,0,0,6649.97,Nocturnal,Herbivore,Solitary,Semi-arboreal,AMNH:65254,"Weisbecker et al., 2021","77, 124"
Dendromus_mesomelas,Placentalia,Euarchontoglires,Rodentia,Nesomyidae,extant,0,0,0,10.2,Nocturnal,Herbivore,NA,Arboreal,ummz:mammals:113468,https://n2t.net/ark:/87602/m4/673071,"77, 124"
Desmathyus_sp,Placentalia,Laurasiatheria,Artiodactyla,Tayassuidae,extinct,20.56,27.3,13.82,11291,NA,NA,NA,NA,CM:VertPaleo:001423,https://n2t.net/ark:/87602/m4/411033,99
Desmodus_rotundus,Placentalia,Laurasiatheria,Chiroptera,Phyllostomidae,extant,0,0,0,33.16,Nocturnal,Carnivore,Social,Volant,UMMZ:mammals:116266,https://n2t.net/ark:/87602/m4/M34883,"77, 124"
Dichobune_leporina,Placentalia,Laurasiatheria,Artiodactyla,Dichobunidae,extinct,35.805,37.71,33.9,6604,NA,Herbivore,NA,Terrestrial,MNHN:F:QU16586,https://doi.org/10.18563/m3.sf.1070,"104, 135"
Dicrostonyx_richardsoni,Placentalia,Euarchontoglires,Rodentia,Cricetidae,extant,0,0,0,85,NA,Herbivore,NA,Fossorial,UMMZ:mammals:114757,https://n2t.net/ark:/87602/m4/M57196,"16, 124"
Didelphis_virginiana,Metatheria,Marsupialia,Didelphimorphia,Didelphidae,extant,0,0,0,2442.08,Nocturnal,Omnivore,Solitary,Semi-arboreal,TMM:M:2517,https://n2t.net/ark:/87602/m4/M116136,"77, 124"
Dinomys_branickii,Placentalia,Euarchontoglires,Rodentia,Dinomyidae,extant,0,0,0,12500,Nocturnal,Herbivore,Social,NA,ummz:mammals:155919,https://n2t.net/ark:/87602/m4/673838,"77, 124"
Diprotodon_optatum,Metatheria,Marsupialia,Diprotodontia,Diprotodontidae,extinct,2.67235,5.333,0.0117,2700000,NA,Herbivore,NA,Terrestrial,NMV:P:31299,Phenome10K,"105, 153"
Distoechurus_pennatus,Metatheria,Marsupialia,Diprotodontia,Acrobatidae,extant,0,0,0,52.74,Nocturnal,Omnivore,NA,Arboreal,JM:9611,"Weisbecker et al., 2021","77, 124"
Dromiciops_gliroides,Metatheria,Marsupialia,Microbiotheria,Microbiotheriidae,extant,0,0,0,25,Nocturnal,Omnivore,NA,Arboreal,UMMZ:mammals:156354,https://n2t.net/ark:/87602/m4/420565,"77, 124"
Dugong_dugon,Placentalia,Afrotheria,Sirenia,Dugongidae,extant,0,0,0,295000,Mixed,Omnivore,Social,Aquatic,LDUCZ:Z3328,https://n2t.net/ark:/87602/m4/838038,"77, 124"
Dymecodon_pilirostris,Placentalia,Laurasiatheria,Eulipotyphla,Talpidae,extant,0,0,0,15.46,Mixed,Carnivore,Social,NA,ummz:mammals:109943,https://n2t.net/ark:/87602/m4/673790,"77, 124"
Echimys_chrysurus,Placentalia,Euarchontoglires,Rodentia,Echimyidae,extant,0,0,0,609.99,Nocturnal,Herbivore,Solitary,NA,AMNH:Mammals:M-95815,https://n2t.net/ark:/87602/m4/M101253,"77, 124"
Echinops_telfairi,Placentalia,Afrotheria,Afrosoricida,Tenrecidae,extant,0,0,0,152.25,Nocturnal,Carnivore,Solitary,Terrestrial,nhmuk:1970.355,https://n2t.net/ark:/87602/m4/M157342,"77, 124"
Echymipera_kalubu,Metatheria,Marsupialia,Peramelemorphia,Peramelidae,extant,0,0,0,825.16,Nocturnal,Omnivore,NA,NA,AMNH:155057,"Weisbecker et al., 2021","77, 124"
Ekaltadeta_ima,Metatheria,Marsupialia,Diprotodontia,Hypsiprymnodontidae,extinct,11.613,15.98,7.246,11100,NA,NA,NA,NA,QMF:12436,"Weisbecker et al., 2021",34
Elephas_maximus,Placentalia,Afrotheria,Proboscidea,Elephantidae,extant,0,0,0,3269794.34,Mixed,Herbivore,Social,Terrestrial,TMM M-6445,Phenome10K,"77, 124"
Eliurus_webbi,Placentalia,Euarchontoglires,Rodentia,Nesomyidae,extant,0,0,0,61.13,NA,Herbivore,Social,NA,UMMZ:mammals:167235,https://n2t.net/ark:/87602/m4/708872,"77, 124"
Ellobius_sp,Placentalia,Euarchontoglires,Rodentia,Cricetidae,extant,0,0,0,40,NA,Herbivore,Social,Fossorial,NHMUK:ZD:1908.3.2.63,https://n2t.net/ark:/87602/m4/569924,"77, 124"
Enaliarctos_sp,Placentalia,Laurasiatheria,Carnivora,Enaliarctidae,extinct,21.8,27.3,16.3,82000,NA,Carnivore,NA,Aquatic,fmnh:pm:57161,https://n2t.net/ark:/87602/m4/399538,"99, 154"
Enhydra_lutris,Placentalia,Laurasiatheria,Carnivora,Mustelidae,extant,0,0,0,27410.93,Diurnal,Carnivore,Social,Aquatic,amnh:mammals:M-24186,https://n2t.net/ark:/87602/m4/M9081,"77, 124"
Eonycteris_robusta,Placentalia,Laurasiatheria,Chiroptera,Pteropodidae,extant,0,0,0,78.36,NA,Herbivore,NA,Volant,UMMZ:mammals:160278,https://n2t.net/ark:/87602/m4/M36791,"77, 124"
Eptesicus_andinus,Placentalia,Laurasiatheria,Chiroptera,Vespertilionidae,extant,0,0,0,9.2,NA,NA,NA,Volant,UMMZ:mammals:116679,https://n2t.net/ark:/87602/m4/M34925,"77, 124"
Equus_quagga,Placentalia,Laurasiatheria,Perissodactyla,Equidae,extant,0,0,0,400000,NA,Herbivore,Social,Terrestrial,zmb:70335,https://n2t.net/ark:/87602/m4/M72018,"77, 124"
Erethizon_dorsatum,Placentalia,Euarchontoglires,Rodentia,Erethizontidae,extant,0,0,0,7419.46,Nocturnal,Herbivore,Solitary,Arboreal,umzc:E.3506,https://n2t.net/ark:/87602/m4/M48267,"77, 124"
Erinaceus_europaeus,Placentalia,Laurasiatheria,Eulipotyphla,Erinaceidae,extant,0,0,0,777.95,Mixed,Omnivore,Solitary,Terrestrial,UMMZ:mammals:138469,https://n2t.net/ark:/87602/m4/M63737,"77, 124"
Erophylla_bombifrons,Placentalia,Laurasiatheria,Chiroptera,Phyllostomidae,extant,0,0,0,16.28,NA,Herbivore,NA,Volant,uma:2717,https://n2t.net/ark:/87602/m4/348884,"77, 124"
Erythrocebus_patas,Placentalia,Euarchontoglires,Primates,Cercopithecidae,extant,0,0,0,7966.3,Diurnal,Omnivore,Social,Semi-arboreal,USNM:MAMM:270440,https://n2t.net/ark:/87602/m4/102510,"77, 124"
Eulemur_macaco,Placentalia,Euarchontoglires,Primates,Lemuridae,extant,0,0,0,2470.43,Mixed,Herbivore,Social,Arboreal,UMZC:Vertebrates:E.8093.A,https://n2t.net/ark:/87602/m4/420665,"77, 124"
Euphractus_sexcinctus,Placentalia,Xenarthra,Cingulata,Chlamyphoridae,extant,0,0,0,4731.16,Mixed,Omnivore,Solitary,Semi-fossorial,USNM:MAMM:257968,https://n2t.net/ark:/87602/m4/M95767,"77, 124"
Euryoryzomys_macconnelli,Placentalia,Euarchontoglires,Rodentia,Cricetidae,extant,0,0,0,66.49,Nocturnal,Omnivore,Solitary,NA,uf:mammals:30789,https://n2t.net/ark:/87602/m4/M140444,"77, 124"
Eusmilus_bidentatus,Placentalia,Laurasiatheria,Carnivora,Nimravidae,extinct,37.685,48.07,27.3,35000,NA,Carnivore,NA,Terrestrial,fmnh:pm:58871,https://n2t.net/ark:/87602/m4/411221,"99, 155, 156"
Eutypomys_thompsoni,Placentalia,Euarchontoglires,Rodentia,Eutypomidae,extinct,34.4,37,31.8,597,NA,NA,NA,NA,amnh:fm:12254,https://n2t.net/ark:/87602/m4/M48377,"86, 157, 158"
Felis_lybica,Placentalia,Laurasiatheria,Carnivora,Felidae,extant,0,0,0,4573.08,Mixed,Carnivore,Solitary,Terrestrial,TM:Mammal Collection:10927,https://n2t.net/ark:/87602/m4/M114739,"77, 124"
Funambulus_pennantii,Placentalia,Euarchontoglires,Rodentia,Sciuridae,extant,0,0,0,102.49,NA,NA,NA,Arboreal,UMMZ:mammals:62569,https://n2t.net/ark:/87602/m4/M141129,"77, 124"
Furipterus_horrens,Placentalia,Laurasiatheria,Chiroptera,Furipteridae,extant,0,0,0,3.15,NA,Carnivore,Social,Volant,AMNH:M-:78541,https://n2t.net/ark:/87602/m4/474983,"77, 124"
Galadi_speciosus,Metatheria,Marsupialia,Peramelemorphia,Yaralidae,extinct,21.64,27.3,15.98,929,NA,NA,NA,NA,QMF:23393,"Weisbecker et al., 2021","34, 159"
Galago_senegalensis,Placentalia,Euarchontoglires,Primates,Galagidae,extant,0,0,0,215.2,Nocturnal,Omnivore,Social,Arboreal,AMNH:Mammals:M-42841,https://n2t.net/ark:/87602/m4/M16939,"77, 124"
Galemys_pyrenaicus,Placentalia,Laurasiatheria,Eulipotyphla,Talpidae,extant,0,0,0,60.17,Mixed,Carnivore,Solitary,Semi-Aquatic,oumnh:9427,https://n2t.net/ark:/87602/m4/M158325,"77, 124"
Galidictis_fasciata,Placentalia,Laurasiatheria,Carnivora,Eupleridae,extant,0,0,0,549.99,Mixed,Carnivore,Social,Terrestrial,FMNH:Mammals:162111,https://n2t.net/ark:/87602/m4/570214,"77, 124"
Genetta_genetta,Placentalia,Laurasiatheria,Carnivora,Viverridae,extant,0,0,0,1756.17,Nocturnal,Omnivore,Solitary,Semi-arboreal,UMZC:Vertebrates:K.4363,https://n2t.net/ark:/87602/m4/420577,"77, 124"
Geocapromys_ingrahami,Placentalia,Euarchontoglires,Rodentia,Echimyidae,extant,0,0,0,733.52,Nocturnal,Herbivore,Social,Semi-fossorial,ummz:mammals:101794,https://n2t.net/ark:/87602/m4/675320,"77, 124"
Geomys_pinetis,Placentalia,Euarchontoglires,Rodentia,Geomyidae,extant,0,0,0,201.15,NA,Herbivore,Solitary,Fossorial,nml:D.301,https://n2t.net/ark:/87602/m4/M54755,"77, 124"
Gerbilliscus_afra,Placentalia,Euarchontoglires,Rodentia,Muridae,extant,0,0,0,92.13,NA,NA,NA,NA,ummz:mammals:113472,https://n2t.net/ark:/87602/m4/673112,"77, 124"
Gerbillus_gerbillus,Placentalia,Euarchontoglires,Rodentia,Muridae,extant,0,0,0,26.99,Nocturnal,Herbivore,Social,Fossorial,nhmuk:zoo:1978.1062,https://n2t.net/ark:/87602/m4/M56056,"77, 124"
Giraffa_camelopardalis,Placentalia,Laurasiatheria,Artiodactyla,Giraffidae,extant,0,0,0,964654.73,Mixed,Herbivore,Social,Terrestrial,TMM:M6815,http://digimorph.org/specimens/Giraffa_camelopardalis/skull/,"77, 124"
Glis_glis,Placentalia,Euarchontoglires,Rodentia,Gliridae,extant,0,0,0,128.09,Mixed,Herbivore,Solitary,Arboreal,NHMUK:ZOO:1996.325,https://n2t.net/ark:/87602/m4/M157393,"77, 124"
Glossophaga_soricina,Placentalia,Laurasiatheria,Chiroptera,Phyllostomidae,extant,0,0,0,9.97,NA,Omnivore,NA,Volant,UMMZ:mammals:126822,https://n2t.net/ark:/87602/m4/M34975,"77, 124"
Glossotherium_robustum,Placentalia,Xenarthra,Pilosa,Mylodontidae,extinct,1.3,2.58,0.0117,1103320,NA,Herbivore,NA,Terrestrial,MACN:PV:13553,Alberto Boscaini,"108, 132"
Glyphonycteris_sylvestris,Placentalia,Laurasiatheria,Chiroptera,Phyllostomidae,extant,0,0,0,8.91,Nocturnal,Omnivore,Social,Volant,ummz:mammals:125173,https://n2t.net/ark:/87602/m4/674527,"77, 124"
Glyptodon_sp,Placentalia,Xenarthra,Cingulata,Chlamyphoridae,extinct,1.29585,2.58,0.0117,862000,NA,Herbivore,NA,Terrestrial,MNHN:F:PAM760,https://n2t.net/ark:/87602/m4/377413,"105, 160"
Gorilla_gorilla,Placentalia,Euarchontoglires,Primates,Hominidae,extant,0,0,0,112588.99,Diurnal,Herbivore,Social,Semi-arboreal,ucla:2367,https://n2t.net/ark:/87602/m4/M44794,"77, 124"
Graphiurus_nagtglasii,Placentalia,Euarchontoglires,Rodentia,Gliridae,extant,0,0,0,30,Nocturnal,Omnivore,NA,Arboreal,umzc:E.1909,https://n2t.net/ark:/87602/m4/M48253,"77, 124"
Gustafsonia_sp,Placentalia,Laurasiatheria,Carnivora,Amphicyonidae,extinct,35.45,37,33.9,2270,NA,NA,NA,NA,tmm:vpl:40209-200,https://n2t.net/ark:/87602/m4/355598,"106, 145"
Halitherium_schinzi,Placentalia,Afrotheria,Sirenia,Dugongidae,extinct,42.89,48.07,37.71,250000,NA,Herbivore,NA,Aquatic,smf:mammalogie:3921,https://n2t.net/ark:/87602/m4/397601,99
Hapalemur_griseus,Placentalia,Euarchontoglires,Primates,Lemuridae,extant,0,0,0,916,Mixed,Herbivore,Social,Arboreal,MCZ:Mamm:44913,https://n2t.net/ark:/87602/m4/M17196,"77, 124"
Hapalops_sp,Placentalia,Xenarthra,Pilosa,Megalonychidae,extinct,15.73,20.45,11,49000,NA,Herbivore,NA,Semi-arboreal,l-hj:vertebrates:0002,https://n2t.net/ark:/87602/m4/411120,"99, 108"
Heptodon_sp,Placentalia,Laurasiatheria,Perissodactyla,Helaletidae,extinct,50.95,56,45.9,24000,NA,NA,NA,Terrestrial,fmnh:pm:59193,https://n2t.net/ark:/87602/m4/399544,99
Herpestes_javanicus,Placentalia,Laurasiatheria,Carnivora,Herpestidae,extant,0,0,0,750,Diurnal,Carnivore,Solitary,Terrestrial,USNM:MAMM:USNM 293772,https://n2t.net/ark:/87602/m4/M71974,"77, 124"
Hesperocyon_gregarius,Placentalia,Laurasiatheria,Carnivora,Canidae,extinct,33.25,37,29.5,3000,NA,NA,NA,NA,fmnh:pm:58989,https://n2t.net/ark:/87602/m4/399550,"99, 145"
Heterocephalus_glaber,Placentalia,Euarchontoglires,Rodentia,Heterocephalidae,extant,0,0,0,39.36,Mixed,Herbivore,Social,Fossorial,mnhn:zm:MO-1978-268,https://n2t.net/ark:/87602/m4/M55296,"77, 124"
Heteromys_desmarestianus,Placentalia,Euarchontoglires,Rodentia,Heteromyidae,extant,0,0,0,74,Nocturnal,Herbivore,Solitary,NA,UMMZ:mammals:114492,https://n2t.net/ark:/87602/m4/M64396,"77, 124"
Hippopotamus_amphibius,Placentalia,Laurasiatheria,Artiodactyla,Hippopotamidae,extant,0,0,0,1536310.4,Mixed,Herbivore,Social,Semi-Aquatic,SMNS:7320,Quentin Martinez/Eli Amson,"77, 124"
Hipposideros_turpis,Placentalia,Laurasiatheria,Chiroptera,Hipposideridae,extant,0,0,0,33.31,NA,Carnivore,NA,Volant,AMNH:Mammals:M-244345,https://n2t.net/ark:/87602/m4/M36402,"77, 124"
Homalodotherium_cunninghami,Placentalia,Laurasiatheria,Notoungulata,Homalodotheriidae,extinct,17.975,20.45,15.5,400000,NA,NA,NA,Terrestrial,fmnh:pm:59291,https://n2t.net/ark:/87602/m4/399556,"99, 161, 162"
Homo_sapiens,Placentalia,Euarchontoglires,Primates,Hominidae,extant,0,0,0,58540.63,Diurnal,Omnivore,Social,Terrestrial,TC:723,https://datadryad.org/dataset/doi:10.5061/dryad.crjdfn320,"77, 124"
Homotherium_serum,Placentalia,Laurasiatheria,Carnivora,Felidae,extinct,3.9565,5.333,2.58,150000,NA,Carnivore,NA,Terrestrial,txvp:vpl:933-3444,https://n2t.net/ark:/87602/m4/636263,"16, 163"
Hoplomys_gymnurus,Placentalia,Euarchontoglires,Rodentia,Echimyidae,extant,0,0,0,281.42,Nocturnal,Herbivore,Solitary,Semi-fossorial,ummz:mammals:125181,https://n2t.net/ark:/87602/m4/675416,"77, 124"
Hsunycteris_thomasi,Placentalia,Laurasiatheria,Chiroptera,Phyllostomidae,extant,0,0,0,7.09,NA,Omnivore,NA,Volant,UMMZ:mammals:160708,https://n2t.net/ark:/87602/m4/M35060,"77, 124"
Hydrochoerus_hydrochaeris,Placentalia,Euarchontoglires,Rodentia,Caviidae,extant,0,0,0,48144.91,Mixed,Herbivore,Social,Semi-Aquatic,KU:KUM:89931,https://n2t.net/ark:/87602/m4/385975,"77, 124"
Hydromys_chrysogaster,Placentalia,Euarchontoglires,Rodentia,Muridae,extant,0,0,0,626.17,Mixed,Carnivore,NA,Semi-Aquatic,SAMA:M:M23213,https://n2t.net/ark:/87602/m4/490438,"77, 124"
Hylobates_lar,Placentalia,Euarchontoglires,Primates,Hylobatidae,extant,0,0,0,5578.61,Diurnal,Herbivore,Social,Arboreal,MCZ:Mamm:41440,https://n2t.net/ark:/c7602/m2/m4400,"77, 124"
Hylopetes_spadiceus,Placentalia,Euarchontoglires,Rodentia,Sciuridae,extant,0,0,0,118.1,Nocturnal,NA,NA,Arboreal,ummz:mammals:121035,https://n2t.net/ark:/87602/m4/673913,"77, 124"
Hypsiprymnodon_moschatus,Metatheria,Marsupialia,Diprotodontia,Hypsiprymnodontidae,extant,0,0,0,534.25,Mixed,Omnivore,Solitary,Terrestrial,SAMA:Mammalogy:M4154,https://n2t.net/ark:/87602/m4/535690,"77, 124"
Hyrachyus_modestus,Placentalia,Laurasiatheria,Perissodactyla,Hyrachyidae,extinct,46.55,56,37.1,100000,NA,NA,NA,Terrestrial,YPM:VP:010145,https://n2t.net/ark:/87602/m4/392350,"99, 164"
Hyracotherium_sp,Placentalia,Laurasiatheria,Perissodactyla,Palaeotheriidae,extinct,50.95,56,45.9,10700,NA,Herbivore,NA,Terrestrial,amnh:fm:55268,https://n2t.net/ark:/87602/m4/395589,"99, 151"
Hystrix_indica,Placentalia,Euarchontoglires,Rodentia,Hystricidae,extant,0,0,0,14298.6,Nocturnal,Omnivore,NA,Semi-fossorial,UMMZ:mammals:90859,https://n2t.net/ark:/87602/m4/M68626,"77, 124"
Ignacius_graybullianus,Placentalia,Euarchontoglires,Plesiadapiformes,Paromomyidae,extinct,52.8,57.5,48.1,253,NA,NA,NA,NA,usnm:paleobiology:421608,https://n2t.net/ark:/87602/m4/M64040,"9, 165"
Inia_geoffrensis,Placentalia,Laurasiatheria,Artiodactyla,Iniidae,extant,0,0,0,121430.76,Diurnal,Carnivore,Solitary,Aquatic,SMNS_45664,Quentin Martinez/Eli Amson,"77, 124"
Ischyromys_typus,Placentalia,Euarchontoglires,Rodentia,Ischyromyidae,extinct,31.7,33.9,29.5,1199.07,NA,NA,NA,NA,rom:vertebrate palaeontology:1007,https://n2t.net/ark:/87602/m4/M6341,"9, 73, 107, 166"
Isoodon_macrourus,Metatheria,Marsupialia,Peramelemorphia,Peramelidae,extant,0,0,0,1505.77,Mixed,Omnivore,Solitary,Terrestrial,TMMM:6922,"Weisbecker et al., 2021","77, 124"
Isothrix_bistriata,Placentalia,Euarchontoglires,Rodentia,Echimyidae,extant,0,0,0,444.99,Nocturnal,NA,NA,Arboreal,MVZ:Mamm:191300,https://n2t.net/ark:/87602/m4/M85288,"77, 124"
Jaculus_jaculus,Placentalia,Euarchontoglires,Rodentia,Dipodidae,extant,0,0,0,59.8,Nocturnal,NA,Solitary,Semi-fossorial,UMMZ:mammals:120204,https://n2t.net/ark:/87602/m4/M64399,"77, 124"
Kerivoula_pellucida,Placentalia,Laurasiatheria,Chiroptera,Vespertilionidae,extant,0,0,0,4.14,NA,Carnivore,NA,Volant,UMMZ:mammals:161396,https://n2t.net/ark:/87602/m4/M35007,"77, 124"
Khirtharia_inflata,Placentalia,Laurasiatheria,Artiodactyla,Raoellidae,extinct,46.855,56,37.71,11447,NA,Omnivore,NA,Semi-Aquatic,GU/RJ/197,doi: 10.18563/m3.sf.1608,"104, 140, 167, 168"
Kogia_breviceps,Placentalia,Laurasiatheria,Artiodactyla,Kogiidae,extant,0,0,0,431500,NA,Carnivore,Solitary,Aquatic,SMNS:45772,Quentin Martinez/Eli Amson,"77, , 124"
Kryptobaatar_dashzevegi,Allotheria,Multituberculata,Multituberculata,Djadochtatheriidae,extinct,77.9,83.6,72.2,85.33,NA,NA,NA,NA,AMNH:PSS-MAE:101,Phil Cox,"110, 169, 170"
Lagostomus_maximus,Placentalia,Euarchontoglires,Rodentia,Chinchillidae,extant,0,0,0,4660.94,Nocturnal,Herbivore,Social,Fossorial,umzc:E.3555,https://n2t.net/ark:/87602/m4/M48273,"77, 124"
Lama_glama,Placentalia,Laurasiatheria,Artiodactyla,Camelidae,extant,0,0,0,78322.67,NA,Herbivore,Social,Terrestrial,tmm:m:2052,https://n2t.net/ark:/87602/m4/606482,"77, 124"
Laonastes_aenigmamus,Placentalia,Euarchontoglires,Rodentia,Diatomyidae,extant,0,0,0,374,NA,NA,NA,Terrestrial,nhmuk:zoo:zd 1999.74,https://n2t.net/ark:/87602/m4/M155040,"88, 124"
Lasiorhinus_latifrons,Metatheria,Marsupialia,Diprotodontia,Vombatidae,extant,0,0,0,26163.8,Nocturnal,Herbivore,Social,Semi-fossorial,CLVSJR5,"Weisbecker et al., 2021","77, 124"
Lasiurus_intermedius,Placentalia,Laurasiatheria,Chiroptera,Vespertilionidae,extant,0,0,0,22.96,NA,NA,NA,Volant,UMMZ:mammals:110529,https://n2t.net/ark:/87602/m4/M35037,"77, 124"
Lemmus_lemmus,Placentalia,Euarchontoglires,Rodentia,Cricetidae,extant,0,0,0,67.62,NA,NA,Social,Semi-fossorial,UMMZ:mammals:57801,https://n2t.net/ark:/87602/m4/M64410,"77, 124"
Lemur_catta,Placentalia,Euarchontoglires,Primates,Lemuridae,extant,0,0,0,2626.48,Mixed,Omnivore,Social,Semi-arboreal,dlc:7142f,https://n2t.net/ark:/87602/m4/M20928,"77, 124"
Leontinia_gaudryi,Placentalia,Laurasiatheria,Notoungulata,Leontiniidae,extinct,27.45,33.9,21,450000,NA,NA,NA,Terrestrial,fmnh:p:13285,https://n2t.net/ark:/87602/m4/399562,"99, 171"
Lepilemur_mustelinus,Placentalia,Euarchontoglires,Primates,Lepilemuridae,extant,0,0,0,669.03,Nocturnal,Herbivore,Solitary,Arboreal,AMNH:Mammals:M-170790,https://n2t.net/ark:/87602/m4/M24493,"77, 124"
Leporillus_conditor,Placentalia,Euarchontoglires,Rodentia,Muridae,extant,0,0,0,328.82,NA,Herbivore,NA,NA,SAMA:Mammalogy:M19635,https://n2t.net/ark:/87602/m4/508211,"77, 124"
Leptailurus_serval,Placentalia,Laurasiatheria,Carnivora,Felidae,extant,0,0,0,11999.96,Mixed,Carnivore,Solitary,Terrestrial,dnmnh:93,https://n2t.net/ark:/87602/m4/M114813,"77, 124"
Leptauchenia_sp,Placentalia,Laurasiatheria,Artiodactyla,Merycoidodontidae,extinct,26.2,33.9,18.5,11238,NA,Herbivore,NA,Terrestrial,AMNH:FM:45508,https://doi.org/10.18563/m3.sf.1065,"104, 130"
Leptictis_sp,Eutheria,Leptictida,Leptictida,Leptictidae,extinct,34.6,39.7,29.5,850,NA,NA,NA,NA,l-hj:vertebrates:0004,https://n2t.net/ark:/87602/m4/397585,89
Leptocyon_sp,Placentalia,Laurasiatheria,Carnivora,Canidae,extinct,19.45,29.5,9.4,3260,NA,Carnivore,NA,NA,fmnh:pm:58961,https://n2t.net/ark:/87602/m4/518824,"99, 145"
Lepus_europaeus,Placentalia,Euarchontoglires,Lagomorpha,Leporidae,extant,0,0,0,3816.43,Mixed,Herbivore,Solitary,Terrestrial,dmet:LE1,https://n2t.net/ark:/87602/m4/M47052,"77, 124"
Lonchophylla_robusta,Placentalia,Laurasiatheria,Chiroptera,Phyllostomidae,extant,0,0,0,13.72,NA,Omnivore,NA,Volant,UMMZ:mammals:112036,https://n2t.net/ark:/87602/m4/M35055,"77, 124"
Lonchorhina_aurita,Placentalia,Laurasiatheria,Chiroptera,Phyllostomidae,extant,0,0,0,15.38,NA,Carnivore,Social,Volant,AMNH:Mammals:M-269496,https://n2t.net/ark:/87602/m4/M36418,"77, 124"
Lophocebus_albigena,Placentalia,Euarchontoglires,Primates,Cercopithecidae,extant,0,0,0,7418.71,Diurnal,Omnivore,Social,Arboreal,sbu:rs:85-1,https://n2t.net/ark:/87602/m4/M23534,"77, 124"
Lophostoma_brasiliense,Placentalia,Laurasiatheria,Chiroptera,Phyllostomidae,extant,0,0,0,9.76,NA,Omnivore,NA,Volant,uma:5291,https://n2t.net/ark:/87602/m4/349400,"77, 124"
Lophuromys_sikapusi,Placentalia,Euarchontoglires,Rodentia,Muridae,extant,0,0,0,62.72,NA,Omnivore,Solitary,Terrestrial,NHMUK:ZOO:1962.321-322,https://n2t.net/ark:/87602/m4/569528,"77, 124"
Loris_tardigradus,Placentalia,Euarchontoglires,Primates,Lorisidae,extant,0,0,0,249.22,Nocturnal,Omnivore,Solitary,Arboreal,du:baa:0006,https://n2t.net/ark:/87602/m4/M1868,"77, 124"
Loxodonta_africana,Placentalia,Afrotheria,Proboscidea,Elephantidae,extant,0,0,0,3824539.93,Diurnal,Herbivore,Social,Terrestrial,LACM:Mammals:52471,https://n2t.net/ark:/87602/m4/M44829,"77, 124"
Lycaon_pictus,Placentalia,Laurasiatheria,Carnivora,Canidae,extant,0,0,0,21999.99,Diurnal,Carnivore,Social,Terrestrial,TM:Mammal Collection:11895,https://n2t.net/ark:/87602/m4/M114814,"77, 124"
Lynx_rufus,Placentalia,Laurasiatheria,Carnivora,Felidae,extant,0,0,0,6374.47,Mixed,Carnivore,Solitary,Terrestrial,ouvc:9576,https://n2t.net/ark:/87602/m4/M67570,"77, 124"
Macaca_fascicularis,Placentalia,Euarchontoglires,Primates,Cercopithecidae,extant,0,0,0,4569.32,Diurnal,Omnivore,Social,Semi-arboreal,MCZ:Mamm:35937,https://n2t.net/ark:/87602/m4/387392,"77, 124"
Macrophyllum_macrophyllum,Placentalia,Laurasiatheria,Chiroptera,Phyllostomidae,extant,0,0,0,8.02,NA,Carnivore,NA,Volant,AMNH:Mammals:M-78416,https://n2t.net/ark:/87602/m4/M36438,"77, 124"
Macropus_giganteus,Metatheria,Marsupialia,Diprotodontia,Macropodidae,extant,0,0,0,33409.89,Mixed,Herbivore,Social,Terrestrial,AUM:41065,"Weisbecker et al., 2021","77, 124"
Macrotarsomys_bastardi,Placentalia,Euarchontoglires,Rodentia,Nesomyidae,extant,0,0,0,28.45,Nocturnal,Omnivore,Social,NA,ummz:mammals:111196,https://n2t.net/ark:/87602/m4/673098,"77, 124"
Macrotis_lagotis,Metatheria,Marsupialia,Peramelemorphia,Thylacomyidae,extant,0,0,0,1229.58,Nocturnal,Omnivore,Solitary,Semi-fossorial,SAMA:Mammalogy:M3602,https://n2t.net/ark:/87602/m4/557639,"77, 124"
Macrotus_waterhousii,Placentalia,Laurasiatheria,Chiroptera,Phyllostomidae,extant,0,0,0,16.27,NA,NA,Social,Volant,UMMZ:mammals:95718,https://n2t.net/ark:/87602/m4/M35069,"77, 124"
Mandrillus_sphinx,Placentalia,Euarchontoglires,Primates,Cercopithecidae,extant,0,0,0,16685.06,Diurnal,Omnivore,Social,Semi-arboreal,USNM:MAMM:283109,https://n2t.net/ark:/87602/m4/103075,"77, 124"
Manis_javanica,Placentalia,Laurasiatheria,Pholidota,Manidae,extant,0,0,0,4861.71,NA,Carnivore,Solitary,Arboreal,USNM:MAMM:144418,https://n2t.net/ark:/87602/m4/M72145,"77, 124"
Marmota_caudata,Placentalia,Euarchontoglires,Rodentia,Sciuridae,extant,0,0,0,4350,NA,Herbivore,Social,Semi-fossorial,UMMZ:mammals:123061,https://n2t.net/ark:/87602/m4/M68590,"77, 124"
Megacerops_coloradensis,Placentalia,Laurasiatheria,Perissodactyla,Brontotheriidae,extinct,36.8,39.7,33.9,4000000,NA,Herbivore,NA,Terrestrial,fmnh:pm:59199,https://n2t.net/ark:/87602/m4/405088,"64, 99, 128, 129, 173"
Megaderma_spasma,Placentalia,Laurasiatheria,Chiroptera,Megadermatidae,extant,0,0,0,24.71,NA,Carnivore,Social,Volant,ummz:mammals:163615,https://n2t.net/ark:/87602/m4/672634,"77, 124"
Megaladapis_madagascariensis,Placentalia,Euarchontoglires,Primates,Megaladapidae,extinct,0.00585,0.0117,0,46500,NA,Herbivore,NA,Arboreal,DPC:24801,Madlen Lang,"105, 137"
Megalagus_turgidus,Placentalia,Euarchontoglires,Lagomorpha,Leporidae,extinct,34.4,37,31.8,2325,NA,Herbivore,NA,NA,FMNH:UC:1642,https://doi.org/10.5061/dryad.0vt4b8gwg,"37, 90, 174"
Megalonyx_jeffersonii,Placentalia,Xenarthra,Pilosa,Megalonychidae,extinct,1.3,2.58,0.0117,370000,NA,Herbivore,NA,Terrestrial,l-hj:vertebrates:0001,https://n2t.net/ark:/87602/m4/411135,"99, 108, 132"
Megatherium_americanum,Placentalia,Xenarthra,Pilosa,Megatheriidae,extinct,4,8,0.0117,3210150,NA,Herbivore,NA,Terrestrial,MACN:PV:13021,Alberto Boscaini,"108, 132"
Mellivora_capensis,Placentalia,Laurasiatheria,Carnivora,Mustelidae,extant,0,0,0,8999.99,Mixed,Omnivore,Solitary,Terrestrial,UMZC:Vertebrates:K.1821,https://n2t.net/ark:/87602/m4/420859,"77, 124"
Mephitis_mephitis,Placentalia,Laurasiatheria,Carnivora,Mephitidae,extant,0,0,0,2399.99,Nocturnal,Omnivore,Solitary,Terrestrial,USNM:MAMM:USNM 147553,https://n2t.net/ark:/87602/m4/M100589,"77, 124"
Meriones_libycus,Placentalia,Euarchontoglires,Rodentia,Muridae,extant,0,0,0,91.33,NA,Herbivore,Social,NA,uf:mammals:28796,https://n2t.net/ark:/87602/m4/M140487,"77, 124"
Merychippus_severus,Placentalia,Laurasiatheria,Perissodactyla,Equidae,extinct,13.95,18.5,9.4,110000,NA,Herbivore,NA,Terrestrial,lacm:vp:(CIT) 2929,https://n2t.net/ark:/87602/m4/392627,"99, 151, 154"
Merycochoerus_proprius,Placentalia,Laurasiatheria,Artiodactyla,Merycoidodontidae,extinct,19.67,23.04,16.3,122000,NA,Herbivore,NA,Semi-Aquatic,amnh:fm:43016 A,https://n2t.net/ark:/87602/m4/395613,"99, 130"
Mesatirhinus_junius,Placentalia,Laurasiatheria,Perissodactyla,Brontotheriidae,extinct,45.4,51.1,39.7,350000,NA,NA,NA,Terrestrial,YPM:VP:010041,https://n2t.net/ark:/87602/m4/392478,"99, 175"
Mesogaulus_paniensis,Placentalia,Euarchontoglires,Rodentia,Mylagaulidae,extinct,19.51,23.04,15.98,266.48,NA,Herbivore,NA,Terrestrial,amnh:fm:65511,https://n2t.net/ark:/87602/m4/M48011,"37, 73, 176"
Mesohippus_bairdi,Placentalia,Laurasiatheria,Perissodactyla,Equidae,extinct,34.4,37,31.8,28500,NA,Herbivore,NA,Terrestrial,AMNH:FM:9814,https://n2t.net/ark:/87602/m4/396090,"99, 151"
Microcebus_murinus,Placentalia,Euarchontoglires,Primates,Cheirogaleidae,extant,0,0,0,69,Nocturnal,Omnivore,Social,Arboreal,dlc:7030f,https://n2t.net/ark:/87602/m4/M168375,"77, 124"
Microchoerus_erinaceus,Placentalia,Euarchontoglires,Primates,Omomyidae,extinct,37.45,41,33.9,241,NA,Herbivore,NA,NA,UM:PRR:1771,Ornella Bertrand,"9, 131"
Microgale_drouhardi,Placentalia,Afrotheria,Afrosoricida,Tenrecidae,extant,0,0,0,10.5,NA,NA,NA,Terrestrial,UMMZ:mammals:168477,https://n2t.net/ark:/87602/m4/420868,"77, 124"
Micromys_minutus,Placentalia,Euarchontoglires,Rodentia,Muridae,extant,0,0,0,6.99,NA,Omnivore,NA,Arboreal,UMMZ:mammals:108469,https://n2t.net/ark:/87602/m4/M82214,"77, 124"
Micronycteris_hirsuta,Placentalia,Laurasiatheria,Chiroptera,Phyllostomidae,extant,0,0,0,12.89,NA,Omnivore,NA,Volant,uma:5295,https://n2t.net/ark:/87602/m4/349415,"77, 124"
Micropteropus_pusillus,Placentalia,Laurasiatheria,Chiroptera,Pteropodidae,extant,0,0,0,25.38,NA,Herbivore,Solitary,Volant,UMMZ:mammals:124088,https://n2t.net/ark:/87602/m4/M58348,"77, 124"
Microsyops_annectens,Placentalia,Euarchontoglires,Plesiadapiformes,Microsyopidae,extinct,42.8,45.9,39.7,1686,NA,NA,NA,NA,UW:12362,Ornella Bertrand,"9, 165"
Microtus_yuldaschi,Placentalia,Euarchontoglires,Rodentia,Cricetidae,extant,0,0,0,31,NA,NA,NA,NA,uf:mammals:10346,https://n2t.net/ark:/87602/m4/M140535,"16, 124"
Miniopterus_schreibersii,Placentalia,Laurasiatheria,Chiroptera,Miniopteridae,extant,0,0,0,11.46,NA,Carnivore,Social,Volant,UMMZ:mammals:156998,https://n2t.net/ark:/87602/m4/M35103 ,"77, 124"
Mirza_coquereli,Placentalia,Euarchontoglires,Primates,Cheirogaleidae,extant,0,0,0,326.5,Nocturnal,Omnivore,Social,Arboreal,fmnh:pm:59052,https://n2t.net/ark:/87602/m4/405131,"77, 124"
Mixtotherium_sp,Placentalia,Laurasiatheria,Artiodactyla,Mixtotheriidae,extinct,42.89,48.07,37.71,6000,NA,Herbivore,NA,Terrestrial,fmnh:pm:59052,https://n2t.net/ark:/87602/m4/405131,"99, 135"
Molossus_molossus,Placentalia,Laurasiatheria,Chiroptera,Molossidae,extant,0,0,0,13.7,NA,Carnivore,NA,Volant,AMNH:Mammals:M-40723,https://n2t.net/ark:/87602/m4/M36489,"77, 124"
Monodelphis_domestica,Metatheria,Marsupialia,Didelphimorphia,Didelphidae,extant,0,0,0,93.45,Mixed,Carnivore,Solitary,NA,TMM M-9038,Phenome10K,"77, 124"
Monodon_monoceros,Placentalia,Laurasiatheria,Artiodactyla,Monodontidae,extant,0,0,0,938126.44,NA,Carnivore,Social,Aquatic,nmv:mammalogy:10360,https://n2t.net/ark:/87602/m4/479879,"77, 124"
Mops_thersites,Placentalia,Laurasiatheria,Chiroptera,Molossidae,extant,0,0,0,21.99,NA,Carnivore,NA,Volant,AMNH:M-:236347,https://n2t.net/ark:/87602/m4/475016,"77, 124"
Mormoops_megalophylla,Placentalia,Laurasiatheria,Chiroptera,Mormoopidae,extant,0,0,0,16.09,NA,Carnivore,NA,Volant,usnm:mammals:USNM 508478,https://n2t.net/ark:/87602/m4/453877,"77, 124"
Mouillacitherium_elegans,Placentalia,Laurasiatheria,Artiodactyla,Dichobunidae,extinct,40.985,48.07,33.9,662,NA,NA,NA,NA,UM:ACQ:6625,https://doi.org/10.18563/m3.sf.1068,"104, 146"
Murina_cyclotis,Placentalia,Laurasiatheria,Chiroptera,Vespertilionidae,extant,0,0,0,9.35,NA,NA,NA,Volant,UMMZ:mammals:112542,https://n2t.net/ark:/87602/m4/M35150,"77, 124"
Mus_musculus,Placentalia,Euarchontoglires,Rodentia,Muridae,extant,0,0,0,19.3,NA,Carnivore,Social,Terrestrial,psu:f34-mouse:66637,https://n2t.net/ark:/87602/m4/M62187,"77, 124"
Muscardinus_avellanarius,Placentalia,Euarchontoglires,Rodentia,Gliridae,extant,0,0,0,29.19,Mixed,Omnivore,NA,NA,NHMUK:95.8.12.3,https://n2t.net/ark:/87602/m4/569544,"77, 124"
Mustela_nivalis,Placentalia,Laurasiatheria,Carnivora,Mustelidae,extant,0,0,0,78.45,Mixed,Carnivore,Solitary,Terrestrial,FMNH:Mammals:207033,https://n2t.net/ark:/87602/m4/M157927,"77, 124"
Mylodon_sp,Placentalia,Xenarthra,Pilosa,Mylodontidae,extinct,1.296,2.58,0.0117,1100000,NA,Herbivore,NA,Terrestrial,lacm:vp:157696,https://n2t.net/ark:/87602/m4/392633,"99, 108, 132"
Myocastor_coypus,Placentalia,Euarchontoglires,Rodentia,Echimyidae,extant,0,0,0,6361.55,Mixed,Omnivore,Social,Semi-Aquatic,AMNH:Mammals:M-206456,https://n2t.net/ark:/87602/m4/598446,"77, 124"
Myosciurus_pumilio,Placentalia,Euarchontoglires,Rodentia,Sciuridae,extant,0,0,0,16.44,Diurnal,Omnivore,Solitary,Arboreal,ummz:mammals:78542,https://n2t.net/ark:/87602/m4/672822,"77, 124"
Myospalax_myospalax,Placentalia,Euarchontoglires,Rodentia,Spalacidae,extant,0,0,0,225,NA,Herbivore,NA,Fossorial,UMMZ:mammals:110401,https://n2t.net/ark:/87602/m4/M141237,"77, 124"
Myotis_adversus,Placentalia,Laurasiatheria,Chiroptera,Vespertilionidae,extant,0,0,0,10.41,NA,Carnivore,NA,Volant,UMZC:Vertebrates:E.5766.B,https://n2t.net/ark:/87602/m4/569820,"77, 124"
Myrmecobius_fasciatus,Metatheria,Marsupialia,Dasyuromorphia,Myrmecobiidae,extant,0,0,0,511.44,Mixed,Carnivore,Solitary,Terrestrial,SAMA:Mammalogy:M3758,https://n2t.net/ark:/87602/m4/457898,"77, 124"
Myrmecophaga_tridactyla,Placentalia,Xenarthra,Pilosa,Myrmecophagidae,extant,0,0,0,29531.83,Mixed,Carnivore,Solitary,Terrestrial,MACN:Ma:17.6,Alberto Boscaini,"77, 124"
Mysateles_prehensilis,Placentalia,Euarchontoglires,Rodentia,Echimyidae,extant,0,0,0,1838.3,NA,Herbivore,NA,Arboreal,ummz:mammals:77810,https://n2t.net/ark:/87602/m4/675328,"91, 124"
Mystacina_tuberculata,Placentalia,Laurasiatheria,Chiroptera,Mystacinidae,extant,0,0,0,13.14,Nocturnal,Omnivore,NA,Volant,AMNH:M-:173919,https://n2t.net/ark:/87602/m4/475026,"77, 124"
Myzopoda_aurita,Placentalia,Laurasiatheria,Chiroptera,Myzopodidae,extant,0,0,0,9.1,NA,Carnivore,Solitary,Volant,AMNH:M-:257130,https://n2t.net/ark:/87602/m4/475033,"77, 124"
Nandinia_binotata,Placentalia,Laurasiatheria,Carnivora,Nandiniidae,extant,0,0,0,2167.2,Nocturnal,Omnivore,Solitary,Arboreal,USNM:MAMM:USNM 220397,https://n2t.net/ark:/87602/m4/M100996,"77, 124"
Nannospalax_leucodon,Placentalia,Euarchontoglires,Rodentia,Spalacidae,extant,0,0,0,188.67,NA,Omnivore,Solitary,Fossorial,UMMZ:mammals:110416,https://n2t.net/ark:/87602/m4/M65513,"77, 124"
Nasalis_larvatus,Placentalia,Euarchontoglires,Primates,Cercopithecidae,extant,0,0,0,12265.65,Diurnal,Herbivore,Social,Arboreal,MCZ:Mamm:37341,https://n2t.net/ark:/87602/m4/387554,"77, 124"
Nasua_nasua,Placentalia,Laurasiatheria,Carnivora,Procyonidae,extant,0,0,0,3775.5,Diurnal,Omnivore,Social,Terrestrial,ummz:mammals:126118,https://n2t.net/ark:/87602/m4/673514,"77, 124"
Neacomys_spinosus,Placentalia,Euarchontoglires,Rodentia,Cricetidae,extant,0,0,0,19,Nocturnal,Omnivore,Solitary,NA,UMMZ:mammals:156291,https://n2t.net/ark:/87602/m4/M68603,"77, 124"
Necrolemur_antiquus,Placentalia,Euarchontoglires,Primates,Omomyidae,extinct,34.2,41,27.3,144,NA,NA,NA,NA,MAPHQ:289,https://n2t.net/ark:/87602/m4/M116186,"9, 92, 131"
Neofiber_alleni,Placentalia,Euarchontoglires,Rodentia,Cricetidae,extant,0,0,0,265.38,Nocturnal,Herbivore,Solitary,NA,uf:mammals:13931,https://n2t.net/ark:/87602/m4/M140579,"77, 124"
Neohelos_stirtoni,Metatheria,Marsupialia,Diprotodontia,Diprotodontidae,extinct,15.143,23.04,7.246,70000,NA,Herbivore,NA,Terrestrial,NMV P 187283,Phenome10K,"93, 132, 153"
Neomonachus_tropicalis,Placentalia,Laurasiatheria,Carnivora,Phocidae,extant,0,0,0,163000,NA,Carnivore,Social,Aquatic,YPM:VZ:MAM:008654,https://n2t.net/ark:/87602/m4/M104719,"94, 124"
Neomys_fodiens,Placentalia,Laurasiatheria,Eulipotyphla,Soricidae,extant,0,0,0,15.26,Mixed,Omnivore,Solitary,Semi-Aquatic,NHMUK:ZOO:1973.917,https://n2t.net/ark:/87602/m4/421018,"77, 124"
Neotoma_lepida,Placentalia,Euarchontoglires,Rodentia,Cricetidae,extant,0,0,0,143.88,Nocturnal,Herbivore,Solitary,Terrestrial,uwbm:mammal:37681,https://n2t.net/ark:/87602/m4/M140595,"77, 124"
Nesodon_imbricatus,Placentalia,Laurasiatheria,Notoungulata,Toxodontidae,extinct,22.25,29,15.5,250000,NA,Herbivore,NA,Terrestrial,fmnh:p:13076,https://n2t.net/ark:/87602/m4/406108,"99, 132, 171, 177"
Nimbacinus_dicksoni,Metatheria,Marsupialia,Dasyuromorphia,Thylacinidae,extinct,19.51,23.04,15.98,5500,NA,NA,NA,NA,QMF:36357,"Weisbecker et al., 2021",34
Nimbadon_lavarackorum,Metatheria,Marsupialia,Diprotodontia,Diprotodontidae,extinct,13.805,15.98,11.63,54800,NA,NA,NA,NA,QMF:42677,"Weisbecker et al., 2021",34
Niviventer_rapit,Placentalia,Euarchontoglires,Rodentia,Muridae,extant,0,0,0,79.73,NA,NA,NA,NA,UMMZ:mammals:174433,https://n2t.net/ark:/87602/m4/M70177,"77, 124"
Noctilio_albiventris,Placentalia,Laurasiatheria,Chiroptera,Noctilionidae,extant,0,0,0,29.93,NA,Carnivore,NA,Volant,AMNH:M-:243717,https://n2t.net/ark:/87602/m4/475045,"77, 124"
Notharctus_tenebrosus,Placentalia,Euarchontoglires,Primates,Notharctidae,extinct,48.35,50.5,46.2,1299,NA,Herbivore,NA,Arboreal,USNM:23278,https://n2t.net/ark:/c7602/m2/m10958,"9, 118, 131"
Nothrotheriops_shastensis,Placentalia,Xenarthra,Pilosa,Nothrotheriidae,extinct,1.296,2.58,0.0117,320000,NA,Herbivore,NA,Terrestrial,LACM:rlb:HC1800-6,https://n2t.net/ark:/87602/m4/384324,"99, 108, 132"
Notoryctes_typhlops,Metatheria,Marsupialia,Notoryctemorphia,Notoryctidae,extant,0,0,0,55,Mixed,Omnivore,Solitary,Fossorial,SAMA:Mammalogy:M4750,https://n2t.net/ark:/87602/m4/557661,"77, 124"
Nycteris_thebaica,Placentalia,Laurasiatheria,Chiroptera,Nycteridae,extant,0,0,0,9.2,NA,Carnivore,NA,Volant,AMNH:Mammals:M-168133,https://n2t.net/ark:/87602/m4/M36533,"77, 124"
Nycticeius_humeralis,Placentalia,Laurasiatheria,Chiroptera,Vespertilionidae,extant,0,0,0,9.12,NA,Carnivore,Social,Volant,UMMZ:mammals:123988,https://n2t.net/ark:/87602/m4/M35451,"77, 124"
Nyctiellus_lepidus,Placentalia,Laurasiatheria,Chiroptera,Natalidae,extant,0,0,0,3,NA,Carnivore,NA,Volant,UMMZ:mammals:105767,https://n2t.net/ark:/87602/m4/M36755,"96, 124"
Nyctimene_rabori,Placentalia,Laurasiatheria,Chiroptera,Pteropodidae,extant,0,0,0,68.25,NA,Herbivore,NA,Volant,UMMZ:mammals:158890,https://n2t.net/ark:/87602/m4/M63739,"77, 124"
Obdurodon_dicksoni,Monotremata,Monotremata,Monotremata,Ornithorhynchidae,extinct,13.805,15.98,11.63,2038,NA,Carnivore,NA,Aquatic,QM:F:20568,http://digimorph.org/specimens/Obdurodon_dicksoni/,16
Ochotona_alpina,Placentalia,Euarchontoglires,Lagomorpha,Ochotonidae,extant,0,0,0,150,NA,Herbivore,Social,Semi-fossorial,amnh:mammals:120698,https://n2t.net/ark:/87602/m4/M55626,"77, 124"
Ochrotomys_nuttalli,Placentalia,Euarchontoglires,Rodentia,Cricetidae,extant,0,0,0,22.81,Mixed,Omnivore,Social,Semi-arboreal,UMMZ:mammals:93497,https://n2t.net/ark:/87602/m4/M68627,"77, 124"
Octodon_degus,Placentalia,Euarchontoglires,Rodentia,Octodontidae,extant,0,0,0,203.27,Mixed,Omnivore,Social,Semi-fossorial,umzc:E.3288,https://n2t.net/ark:/87602/m4/M47319,"77, 124"
Odobenus_rosmarus,Placentalia,Laurasiatheria,Carnivora,Odobenidae,extant,0,0,0,1042996.25,Mixed,Carnivore,Social,Aquatic,mvz:mammal specimens:63308,https://n2t.net/ark:/87602/m4/590278,"77, 124"
Odocoileus_hemionus,Placentalia,Laurasiatheria,Artiodactyla,Cervidae,extant,0,0,0,84560.57,NA,Herbivore,Social,Terrestrial,USNM:MAMM:USNM 246649,https://n2t.net/ark:/87602/m4/M100990,"77, 124"
Okapia_johnstoni,Placentalia,Laurasiatheria,Artiodactyla,Giraffidae,extant,0,0,0,230001.14,Diurnal,Herbivore,Solitary,Terrestrial,"AZ 2348 (Ditsong National Museum of Natural History, Pretoria)",Alana Sharp ,"77, 124"
Oligoryzomys_flavescens,Placentalia,Euarchontoglires,Rodentia,Cricetidae,extant,0,0,0,21.3,Nocturnal,Omnivore,NA,NA,UMMZ:mammals:123200,https://n2t.net/ark:/87602/m4/M68592,"77, 124"
Orcaella_heinsohni,Placentalia,Laurasiatheria,Artiodactyla,Delphinidae,extant,0,0,0,189999.99,NA,Carnivore,Social,Aquatic,SAMA:Mammalogy:M26581,https://n2t.net/ark:/87602/m4/597986,"77, 124"
Ornithorhynchus_anatinus,Monotremata,Monotremata,Monotremata,Ornithorhynchidae,extant,0,0,0,1484.25,Mixed,Carnivore,Solitary,Aquatic,NHMUK 1890.12.4.5,Phenome10K,"77, 124"
Orycteropus_afer,Placentalia,Afrotheria,Tubulidentata,Orycteropodidae,extant,0,0,0,56175.2,Nocturnal,Carnivore,Solitary,Fossorial,AMNH:Mammals:M-51372,https://n2t.net/ark:/87602/m4/M82585,"77, 124"
Oryctolagus_cuniculus,Placentalia,Euarchontoglires,Lagomorpha,Leporidae,extant,0,0,0,1590.57,Mixed,Herbivore,Social,Semi-fossorial,yzl:017,https://n2t.net/ark:/87602/m4/M47005,"77, 124"
Otolemur_garnettii,Placentalia,Euarchontoglires,Primates,Galagidae,extant,0,0,0,811.17,NA,Omnivore,Solitary,Arboreal,dlc:NN_Og01,https://n2t.net/ark:/87602/m4/M33809,"77, 124"
Otospermophilus_variegatus,Placentalia,Euarchontoglires,Rodentia,Sciuridae,extant,0,0,0,714.58,Diurnal,Omnivore,Social,Semi-fossorial,ummz:mammals:77495,https://n2t.net/ark:/87602/m4/607267,"77, 124"
Oxydactylus_sp,Placentalia,Laurasiatheria,Artiodactyla,Camelidae,extinct,17.37,23.1,11.63,250000,NA,Herbivore,NA,Terrestrial,fmnh:p:12117,https://n2t.net/ark:/87602/m4/406130,99
Palaeolama_sp,Placentalia,Laurasiatheria,Artiodactyla,Camelidae,extinct,1.29585,2.58,0.0117,1021897,NA,Herbivore,NA,Terrestrial,PIMUZ:A/V:4091,https://doi.org/10.18563/m3.sf.1128 ,"105, 132, 179"
Palaeosyops_sp,Placentalia,Laurasiatheria,Perissodactyla,Brontotheriidae,extinct,50.95,56,45.9,191000,NA,Herbivore,NA,Terrestrial,fmnh:pm:59198,https://n2t.net/ark:/87602/m4/406209,"99, 175"
Pan_troglodytes,Placentalia,Euarchontoglires,Primates,Hominidae,extant,0,0,0,45000,Diurnal,Omnivore,Social,Semi-arboreal,USNM:MAMM:220327,https://n2t.net/ark:/87602/m4/102641,"77, 124"
Panthera_pardus,Placentalia,Laurasiatheria,Carnivora,Felidae,extant,0,0,0,52399.99,Mixed,Carnivore,Solitary,Terrestrial,AMNH:Mammals:M-113745,https://n2t.net/ark:/87602/m4/M9046,"77, 124"
Papio_hamadryas,Placentalia,Euarchontoglires,Primates,Cercopithecidae,extant,0,0,0,14007.08,Diurnal,Omnivore,Social,Terrestrial,UMZC:Vertebrates:E.7543.B,https://n2t.net/ark:/87602/m4/421033,"77, 124"
Paracynarctus_sinclairi,Placentalia,Laurasiatheria,Carnivora,Canidae,extinct,15.5,18.5,12.5,12263,NA,Omnivore,NA,NA,AMNH:FM:61009,https://n2t.net/ark:/87602/m4/396096,"99, 145, 180"
Paramylodon_harlani,Placentalia,Xenarthra,Pilosa,Mylodontidae,extinct,2.36,4.7,0.0117,1100000,NA,Herbivore,NA,Terrestrial,LACM:rlb:HC:1717-33,https://n2t.net/ark:/87602/m4/384319,"99, 108, 132"
Paramys_delicatus,Placentalia,Euarchontoglires,Rodentia,Ischyromyidae,extinct,48.5,51.1,45.9,2704.83,NA,NA,NA,Semi-fossorial,AMNH:FM:13090,Phil Cox,"9, 37, 73, 166"
Parapithecus_grangeri,Placentalia,Euarchontoglires,Primates,Parapithecidae,extinct,30.6,33.9,27.3,2765,NA,NA,NA,NA,DPC:18651,Ornella Bertrand,"104, 1104"
Patriomanis_americana,Placentalia,Laurasiatheria,Pholidota,Patriomanidae,extinct,35.45,37,33.9,3000,NA,Carnivore,NA,Arboreal,amnh:fm:78999,https://n2t.net/ark:/87602/m4/396108,"99, 182"
Pedetes_capensis,Placentalia,Euarchontoglires,Rodentia,Pedetidae,extant,0,0,0,2549.25,Nocturnal,Herbivore,Social,Terrestrial,AMNH:Mammals:M-42016,https://n2t.net/ark:/87602/m4/M114564,"77, 124"
Pekania_pennanti,Placentalia,Laurasiatheria,Carnivora,Mustelidae,extant,0,0,0,3750,Mixed,Carnivore,Solitary,Terrestrial,UMZC:Vertebrates:K.2266,https://n2t.net/ark:/87602/m4/569105,"77, 124"
Perameles_bougainville,Metatheria,Marsupialia,Peramelemorphia,Peramelidae,extant,0,0,0,230.8,Mixed,Omnivore,Solitary,Terrestrial,SAMA:Mammalogy:M3657,https://n2t.net/ark:/87602/m4/535598,"77, 124"
Peromyscus_polionotus,Placentalia,Euarchontoglires,Rodentia,Cricetidae,extant,0,0,0,14.27,Nocturnal,Omnivore,NA,NA,uf:mammals:5569,https://n2t.net/ark:/87602/m4/M140631,"77, 124"
Petaurista_leucogenys,Placentalia,Euarchontoglires,Rodentia,Sciuridae,extant,0,0,0,1178.9,NA,Herbivore,NA,Arboreal,UMMZ:mammals:112384,https://n2t.net/ark:/87602/m4/569175,"120, 124"
Petauroides_volans,Metatheria,Marsupialia,Diprotodontia,Pseudocheiridae,extant,0,0,0,1257.17,Nocturnal,Herbivore,Solitary,Arboreal,TMMM:847,"Weisbecker et al., 2021","77, 124"
Petaurus_australis,Metatheria,Marsupialia,Diprotodontia,Petauridae,extant,0,0,0,567.15,Nocturnal,Omnivore,Social,Arboreal,JM:8598,"Weisbecker et al., 2021","77, 124"
Petinomys_setosus,Placentalia,Euarchontoglires,Rodentia,Sciuridae,extant,0,0,0,43.85,Nocturnal,Omnivore,NA,Arboreal,ummz:mammals:121036,https://n2t.net/ark:/87602/m4/673042,"77, 124"
Petromus_typicus,Placentalia,Euarchontoglires,Rodentia,Petromuridae,extant,0,0,0,224,Diurnal,Herbivore,Social,Terrestrial,LACM:Mammals:58337,https://n2t.net/ark:/87602/m4/M114289,"77, 124"
Phacochoerus_africanus,Placentalia,Laurasiatheria,Artiodactyla,Suidae,extant,0,0,0,82499.99,Diurnal,Omnivore,Social,Terrestrial,USNM:MAMM:A36000,https://n2t.net/ark:/87602/m4/M100898,"77, 124"
Phalanger_orientalis,Metatheria,Marsupialia,Diprotodontia,Phalangeridae,extant,0,0,0,2487.5,Nocturnal,Herbivore,NA,Arboreal,AMNH:157211,"Weisbecker et al., 2021","77, 124"
Phascogale_tapoatafa,Metatheria,Marsupialia,Dasyuromorphia,Dasyuridae,extant,0,0,0,192.65,Nocturnal,Carnivore,NA,Arboreal,JM:12395,"Weisbecker et al., 2021","77, 124"
Phascolarctos_cinereus,Metatheria,Marsupialia,Diprotodontia,Phascolarctidae,extant,0,0,0,6528.74,Nocturnal,Herbivore,Solitary,Arboreal,ummz:mammals:122553,https://n2t.net/ark:/87602/m4/674911,"77, 124"
Phenacodus_primaevus,Placentalia,Laurasiatheria,Perissodactyla,Phenacodontidae,extinct,54.65,63.4,45.9,82000,NA,NA,NA,Terrestrial,amnh:fm:4369,https://n2t.net/ark:/87602/m4/396114,"65, 99, 130, 183"
Philander_opossum,Metatheria,Marsupialia,Didelphimorphia,Didelphidae,extant,0,0,0,425.81,Nocturnal,Omnivore,Solitary,Terrestrial,J:3461,"Weisbecker et al., 2021","77, 124"
Phocoena_phocoena,Placentalia,Laurasiatheria,Artiodactyla,Phocoenidae,extant,0,0,0,52730.93,Mixed,Carnivore,Social,Aquatic,NMV:Mammalogy:C24749,https://n2t.net/ark:/87602/m4/479886,"77, 124"
Phyllostomus_hastatus,Placentalia,Laurasiatheria,Chiroptera,Phyllostomidae,extant,0,0,0,91.44,NA,Omnivore,Social,Volant,UWBM:Mamm:UWBM:Mamm:73357,https://n2t.net/ark:/87602/m4/660521,"77, 124"
Pipistrellus_hesperus,Placentalia,Laurasiatheria,Chiroptera,Vespertilionidae,extant,0,0,0,3.56,Nocturnal,Carnivore,Social,Volant,UMMZ:mammals:87877,https://n2t.net/ark:/87602/m4/M35514,"77, 124"
Pithecia_pithecia,Placentalia,Euarchontoglires,Primates,Pitheciidae,extant,0,0,0,1667.19,Diurnal,Omnivore,Social,Arboreal,ummz:mammals:98974,https://n2t.net/ark:/87602/m4/673222,"77, 124"
Planigale_ingrami,Metatheria,Marsupialia,Dasyuromorphia,Dasyuridae,extant,0,0,0,6.27,Mixed,Carnivore,NA,Arboreal,J:7656,"Weisbecker et al., 2021","77, 124"
Platacanthomys_lasiurus,Placentalia,Euarchontoglires,Rodentia,Platacanthomyidae,extant,0,0,0,75,Nocturnal,Herbivore,NA,Arboreal,MCZ:Mamm:14770,https://n2t.net/ark:/87602/m4/424074,"98, 124"
Platygonus_compressus,Placentalia,Laurasiatheria,Artiodactyla,Tayassuidae,extinct,1.805,3.6,0.0117,130000,NA,Herbivore,NA,Terrestrial,CM:VertPaleo:012888,https://n2t.net/ark:/87602/m4/411026,"99, 132, 184"
Plionictis_sp,Placentalia,Laurasiatheria,Carnivora,Mustelidae,extinct,10.5,16.3,4.7,640,NA,NA,NA,NA,amnh:fm:25314,https://n2t.net/ark:/87602/m4/396120,99
Pongo_abelii,Placentalia,Euarchontoglires,Primates,Hominidae,extant,0,0,0,39696.12,NA,Herbivore,Social,Arboreal,USNM:MAMM:283737,https://n2t.net/ark:/87602/m4/102780,"77, 124"
Pontoporia_blainvillei,Placentalia,Laurasiatheria,Artiodactyla,Pontoporiidae,extant,0,0,0,40499.99,NA,Carnivore,NA,Aquatic,USNM:RLB:018,Eli Amson,"77, 124"
Potamogale_velox,Placentalia,Afrotheria,Afrosoricida,Potamogalidae,extant,0,0,0,670.99,Nocturnal,Carnivore,Solitary,Semi-Aquatic,UMZC:Vertebrates:E.5425.F,https://n2t.net/ark:/87602/m4/421045,"77, 124"
Potorous_tridactylus,Metatheria,Marsupialia,Diprotodontia,Potoroidae,extant,0,0,0,1054.67,Nocturnal,Omnivore,Solitary,Terrestrial,AMNH:65337,"Weisbecker et al., 2021","77, 124"
Prionodon_linsang,Placentalia,Laurasiatheria,Carnivora,Prionodontidae,extant,0,0,0,684.83,Nocturnal,Carnivore,Solitary,Arboreal,USNM:MAMM:USNM 303036,https://n2t.net/ark:/87602/m4/M100895,"77, 124"
Procavia_capensis,Placentalia,Afrotheria,Hyracoidea,Procaviidae,extant,0,0,0,2952.48,Diurnal,Herbivore,Social,Terrestrial,l-cj:hyr,https://n2t.net/ark:/87602/m4/420654,"77, 124"
Procyon_lotor,Placentalia,Laurasiatheria,Carnivora,Procyonidae,extant,0,0,0,6373.72,Mixed,Omnivore,Social,Semi-arboreal,psu:anth:301.4,https://n2t.net/ark:/87602/m4/M73401,"77, 124"
Promartes_olcotti,Placentalia,Laurasiatheria,Carnivora,Mustelidae,extinct,21.6,24.7,18.5,3000,NA,NA,NA,NA,fmnh:p:25233,https://n2t.net/ark:/87602/m4/407940,99
Prometheomys_schaposchnikowi,Placentalia,Euarchontoglires,Rodentia,Cricetidae,extant,0,0,0,75,NA,NA,NA,NA,UMMZ:mammals:110414,https://n2t.net/ark:/87602/m4/M68564,"77, 124"
Pronolagus_randensis,Placentalia,Euarchontoglires,Lagomorpha,Leporidae,extant,0,0,0,2376.47,Nocturnal,Herbivore,Solitary,Terrestrial,ummz:mammals:111220,https://n2t.net/ark:/87602/m4/675018,"77, 124"
Propithecus_verreauxi,Placentalia,Euarchontoglires,Primates,Indriidae,extant,0,0,0,3588.26,Diurnal,Herbivore,Social,Arboreal,dlc:6610m,https://n2t.net/ark:/87602/m4/704315,"77, 124"
Proscelidodon_patrius,Placentalia,Xenarthra,Pilosa,Scelidotheriidae,extinct,4.15,5.3,3,422890,NA,Herbivore,NA,Terrestrial,MACN:Pv:14906,Alberto Boscaini,"77, 124"
Prospaniomys_priscus,Placentalia,Euarchontoglires,Rodentia,Echimyidae,extinct,19.25,21,17.5,590,NA,NA,NA,NA,MACN:PV:CH1913,,"104, 185-187"
Proteles_cristatus,Placentalia,Laurasiatheria,Carnivora,Hyaenidae,extant,0,0,0,8139.39,Nocturnal,Carnivore,Solitary,Terrestrial,TM:Mammal Collection:37169,https://n2t.net/ark:/87602/m4/M114828,"77, 124"
Proterotherium_cavum,Placentalia,Laurasiatheria,Litopterna,Proterotheriidae,extinct,16.9,17.5,16.3,70250,NA,Herbivore,NA,Terrestrial,amnh:fm:9245,https://n2t.net/ark:/87602/m4/396514,https://paleobiodb.org/
Protocetus_atavus,Placentalia,Laurasiatheria,Artiodactyla,Protocetidae,extinct,44.55,48.07,41.03,148000,NA,Carnivore,NA,Aquatic,SMNS:P:11084,https://doi.org/10.18563/m3.sf.1655,"99, 189"
Protosciurus_rachelae,Placentalia,Euarchontoglires,Rodentia,Sciuridae,extinct,24,29.5,18.5,349.62,NA,NA,NA,NA,ypm:vp:014737,https://n2t.net/ark:/87602/m4/M48019,"9, 73"
Protypotherium_australe,Placentalia,Laurasiatheria,Notoungulata,Interatheriidae,extinct,16.5,17.5,15.5,9683,NA,Herbivore,NA,Terrestrial,fmnh:p:13046,https://n2t.net/ark:/87602/m4/407952,"99, 171"
Pseudaelurus_validus,Placentalia,Laurasiatheria,Carnivora,Felidae,extinct,17.4,18.5,16.3,30000,NA,Carnivore,NA,NA,amnh:fm:61835,https://n2t.net/ark:/87602/m4/396520,"99, 163"
Pseudhipparion_gratum,Placentalia,Laurasiatheria,Perissodactyla,Equidae,extinct,7.54,12.5,2.58,50000,NA,Herbivore,NA,Terrestrial,amnh:fm:70025,https://n2t.net/ark:/87602/m4/396526,"99, 151"
Pseudocheirus_peregrinus,Metatheria,Marsupialia,Diprotodontia,Pseudocheiridae,extant,0,0,0,895.22,NA,Herbivore,Social,Arboreal,SAMA:Mammalogy:M12547,https://n2t.net/ark:/87602/m4/538362,"77, 124"
Pseudochirops_cupreus,Metatheria,Marsupialia,Diprotodontia,Pseudocheiridae,extant,0,0,0,1764.08,Mixed,Herbivore,NA,Arboreal,AMNH:Mammals:M-151829,https://n2t.net/ark:/87602/m4/M114567,"77, 124"
Pseudotomus_horribilis,Placentalia,Euarchontoglires,Rodentia,Ischyromyidae,extinct,48.5,51.1,45.9,5165.31,NA,NA,NA,NA,usnm:paleobiology:17159,https://n2t.net/ark:/87602/m4/M40171,"9, 37, 73"
Pseudotypotherium_pseudopachygnathum,Placentalia,Laurasiatheria,Notoungulata,Mesotheriidae,extinct,7.1,11.63,2.58,80000,NA,Herbivore,NA,NA,amnh:fm:14509,https://n2t.net/ark:/87602/m4/396556,"99, 171"
Pteromys_volans,Placentalia,Euarchontoglires,Rodentia,Sciuridae,extant,0,0,0,143.09,Nocturnal,Omnivore,NA,Arboreal,ummz:mammalS:81148,https://n2t.net/ark:/87602/m4/672871,"77, 124"
Pteropus_giganteus,Placentalia,Laurasiatheria,Chiroptera,Pteropodidae,extant,0,0,0,824.85,NA,Herbivore,Social,Volant,UMMZ:mammals:91079,https://n2t.net/ark:/87602/m4/M35622,"77, 124"
Ptilocercus_lowii,Placentalia,Euarchontoglires,Scandentia,Ptilocercidae,extant,0,0,0,42.5,Nocturnal,Omnivore,NA,Arboreal,USNM:MAMM:USNM 488055,https://n2t.net/ark:/87602/m4/M6418,"77, 124"
Quercygale_angustidens,Placentalia,Laurasiatheria,Carnivora,Miacidae,extinct,37.465,41.03,33.9,6963,NA,NA,NA,NA,nrm:pz:m2329,https://n2t.net/ark:/87602/m4/343580,"104, 106"
Rapamys_atramontis,Placentalia,Euarchontoglires,Rodentia,Ischyromyidae,extinct,41.45,45.9,37,1307.61,NA,NA,NA,NA,amnh:fm:128706,https://n2t.net/ark:/87602/m4/M40170,"9, 37"
Redunca_arundinum,Placentalia,Laurasiatheria,Artiodactyla,Bovidae,extant,0,0,0,58059.24,Mixed,Herbivore,Solitary,Terrestrial,USNM:MAMM:367429,https://n2t.net/ark:/87602/m4/M100781,"77, 124"
Rhinolophus_affinis,Placentalia,Laurasiatheria,Chiroptera,Rhinolophidae,extant,0,0,0,13.7,NA,Carnivore,NA,Volant,amnh:mammals:272177,https://n2t.net/ark:/87602/m4/M35946,"77, 124"
Rhinophylla_fischerae,Placentalia,Laurasiatheria,Chiroptera,Phyllostomidae,extant,0,0,0,9.6,NA,Herbivore,NA,Volant,AMNH:Mammals:M-230485,https://n2t.net/ark:/87602/m4/M36610,"77, 124"
Rhinopithecus_roxellana,Placentalia,Euarchontoglires,Primates,Cercopithecidae,extant,0,0,0,13456.8,Diurnal,Herbivore,Social,Arboreal,USNM:MAMM:268888,https://n2t.net/ark:/87602/m4/102302,"77, 124"
Rhinopoma_hardwickii,Placentalia,Laurasiatheria,Chiroptera,Rhinopomatidae,extant,0,0,0,13.1,NA,Carnivore,Social,Volant,UMMZ:mammals:157595,https://n2t.net/ark:/87602/m4/M61957,"77, 124"
Rhipidomys_fulviventer,Placentalia,Euarchontoglires,Rodentia,Cricetidae,extant,0,0,0,89,Nocturnal,NA,NA,NA,UMMZ:mammals:156377,https://n2t.net/ark:/87602/m4/M70174,"77, 124"
Rhizomys_sinensis,Placentalia,Euarchontoglires,Rodentia,Spalacidae,extant,0,0,0,865,NA,Herbivore,Solitary,Fossorial,mnhn:zm:MO-1912-851,https://n2t.net/ark:/87602/m4/M55372,"124, 102"
Rhynchocyon_petersi,Placentalia,Afrotheria,Macroscelididae,Macroscelidea,extant,0,0,0,423.99,NA,Carnivore,Solitary,Terrestrial,NHMUK:ZOO:1886.9.21.1,https://n2t.net/ark:/87602/m4/421122,"77, 124"
Romerolagus_diazi,Placentalia,Euarchontoglires,Lagomorpha,Leporidae,extant,0,0,0,465.58,Mixed,Herbivore,Social,Terrestrial,UMMZ:mammals:111225,https://n2t.net/ark:/87602/m4/569179,"77, 124"
Rooneyia_viejaensis,Placentalia,Euarchontoglires,Primates,Omomyidae,extinct,38.35,39.7,37,381,NA,NA,NA,NA,TMM:40688-7,Ornella Bertrand,"9, 118, 131, 181"
Rousettus_aegyptiacus,Placentalia,Laurasiatheria,Chiroptera,Pteropodidae,extant,0,0,0,134,Nocturnal,Herbivore,Social,Volant,UMMZ:mammals:161026,https://n2t.net/ark:/87602/m4/M41434,"77, 124"
Saiga_tatarica,Placentalia,Laurasiatheria,Artiodactyla,Bovidae,extant,0,0,0,37734.01,Diurnal,Herbivore,Social,Terrestrial,USNM:MAMM:336264,https://n2t.net/ark:/87602/m4/M100779,"77, 124"
Saimiri_boliviensis,Placentalia,Euarchontoglires,Primates,Cebidae,extant,0,0,0,799.45,Diurnal,Herbivore,Social,Arboreal,AMNH:Mammals:M-211647,https://n2t.net/ark:/87602/m4/M21979,"77, 124"
Sarcophilus_harrisii,Metatheria,Marsupialia,Dasyuromorphia,Dasyuridae,extant,0,0,0,8202.25,Nocturnal,Carnivore,Solitary,Terrestrial,AM:10756,"Weisbecker et al., 2021","77, 124"
Scalopus_aquaticus,Placentalia,Laurasiatheria,Eulipotyphla,Talpidae,extant,0,0,0,87.15,NA,Carnivore,NA,Fossorial,UMMZ:mammals:44542,https://n2t.net/ark:/87602/m4/570343,"77, 124"
Scapteromys_tumidus,Placentalia,Euarchontoglires,Rodentia,Cricetidae,extant,0,0,0,146,Mixed,Carnivore,NA,Semi-Aquatic,UMMZ:mammals:134434,https://n2t.net/ark:/87602/m4/M68597,"77, 124"
Sciurus_vulgaris,Placentalia,Euarchontoglires,Rodentia,Sciuridae,extant,0,0,0,333,Diurnal,Omnivore,Solitary,Arboreal,UMMZ:mammals:80280,https://n2t.net/ark:/87602/m4/M65524,"77, 124"
Scotonycteris_zenkeri,Placentalia,Laurasiatheria,Chiroptera,Pteropodidae,extant,0,0,0,21.3,Nocturnal,NA,NA,Volant,AMNH:Mammals:M-239380,https://n2t.net/ark:/87602/m4/M36629,"77, 124"
Semnopithecus_entellus,Placentalia,Euarchontoglires,Primates,Cercopithecidae,extant,0,0,0,12679.29,Diurnal,Herbivore,Social,Semi-arboreal,amnh:anth:99.1-2285,https://n2t.net/ark:/87602/m4/M16046,"77, 124"
Setonix_brachyurus,Metatheria,Marsupialia,Diprotodontia,Macropodidae,extant,0,0,0,3027.67,Nocturnal,Herbivore,NA,Terrestrial,NHMUK:ZOO:1906.8.1.245,Phenome10K,"77, 124"
Sicista_concolor,Placentalia,Euarchontoglires,Rodentia,Sminthidae,extant,0,0,0,8.92,NA,NA,NA,NA,uf:mammals:27336,https://n2t.net/ark:/87602/m4/M140651,"77, 124"
Sigmodon_hispidus,Placentalia,Euarchontoglires,Rodentia,Cricetidae,extant,0,0,0,110.65,Mixed,Herbivore,Solitary,Terrestrial,UMMZ:mammals:164639,https://n2t.net/ark:/87602/m4/M68612,"77, 124"
Silvabestius_johnnilandi,Metatheria,Marsupialia,Diprotodontia,Diprotodontidae,extinct,21.64,27.3,15.98,46960,NA,NA,NA,NA,QMF:30504,"Weisbecker et al., 2021",34
Simosthenurus_occidentalis,Metatheria,Marsupialia,Diprotodontia,Macropodidae,extinct,2.67235,5.333,0.0117,118000,NA,NA,NA,NA,SAMP:1668,"Weisbecker et al., 2021",34
Smilodectes_gracilis,Placentalia,Euarchontoglires,Primates,Notharctidae,extinct,48.35,50.5,46.2,820,NA,NA,NA,Arboreal,USNM:17994,https://n2t.net/ark:/c7602/m2/m11006,"8, 118, 131"
Smilodon_fatalis,Placentalia,Laurasiatheria,Carnivora,Felidae,extinct,0.805,1.4,0.21,225600,NA,Carnivore,NA,Terrestrial,LACM:rlb:R37376,https://n2t.net/ark:/87602/m4/636272 ,"16, 163"
Sminthopsis_macroura,Metatheria,Marsupialia,Dasyuromorphia,Dasyuridae,extant,0,0,0,23.56,Mixed,Carnivore,NA,Terrestrial,VW:Adult3,"Weisbecker et al., 2021","77, 124"
Smutsia_gigantea,Placentalia,Laurasiatheria,Pholidota,Manidae,extant,0,0,0,32999.7,NA,Carnivore,Solitary,Terrestrial,amnh:mammals:53851,https://n2t.net/ark:/87602/m4/598458,"77, 124"
Solenodon_paradoxus,Placentalia,Laurasiatheria,Eulipotyphla,Solenodontidae,extant,0,0,0,899.99,Mixed,Carnivore,Solitary,Fossorial,FMNH:Mammals:51068,https://n2t.net/ark:/87602/m4/M157834,"77, 124"
Sorex_araneus,Placentalia,Laurasiatheria,Eulipotyphla,Soricidae,extant,0,0,0,9.18,Mixed,Carnivore,Solitary,Terrestrial,umzc:vertebrates:E5190D,https://n2t.net/ark:/87602/m4/636816,"77, 124"
Spalacopus_cyanus,Placentalia,Euarchontoglires,Rodentia,Octodontidae,extant,0,0,0,100.86,Mixed,Herbivore,Social,Fossorial,mnhn:zm:MO-1971-1010,https://n2t.net/ark:/87602/m4/M54760,"77, 124"
Speothos_pacivorus,Placentalia,Laurasiatheria,Carnivora,Canidae,extant,0,0,0,6324.54,Diurnal,Carnivore,NA,Terrestrial,NHMD:211341,doi: 10.18563/m3.sf.1475,"77, 124"
Steatomys_pratensis,Placentalia,Euarchontoglires,Rodentia,Nesomyidae,extant,0,0,0,30.58,NA,NA,NA,NA,MSU:MR:24868,https://n2t.net/ark:/87602/m4/M86528,"77, 124"
Sturnira_ludovici,Placentalia,Laurasiatheria,Chiroptera,Phyllostomidae,extant,0,0,0,21,NA,Herbivore,NA,Volant,UMMZ:mammals:95704,https://n2t.net/ark:/87602/m4/M35701,"77, 124"
Suncus_murinus,Placentalia,Laurasiatheria,Eulipotyphla,Soricidae,extant,0,0,0,43.76,Nocturnal,Carnivore,NA,NA,UMZC:E5251G,https://n2t.net/ark:/87602/m4/569073,"77, 124"
Sundamys_muelleri,Placentalia,Euarchontoglires,Rodentia,Muridae,extant,0,0,0,356.48,NA,NA,NA,NA,UMMZ:mammals:174437,https://n2t.net/ark:/87602/m4/M68616,"77, 124"
Sundasciurus_juvencus,Placentalia,Euarchontoglires,Rodentia,Sciuridae,extant,0,0,0,259,NA,NA,NA,Arboreal,UMMZ:mammals:161448,https://n2t.net/ark:/87602/m4/709042,"120, 124"
Sus_scrofa,Placentalia,Laurasiatheria,Artiodactyla,Suidae,extant,0,0,0,84471.54,Mixed,Omnivore,Social,Terrestrial,tmm:m:454,https://n2t.net/ark:/87602/m4/606541,"77, 124"
Sylvilagus_bachmani,Placentalia,Euarchontoglires,Lagomorpha,Leporidae,extant,0,0,0,714.53,Nocturnal,Herbivore,NA,Terrestrial,UMMZ:mammals:93557,https://n2t.net/ark:/87602/m4/M164470,"77, 124"
Tachyglossus_aculeatus,Monotremata,Monotremata,Monotremata,Tachyglossidae,extant,0,0,0,4499.97,Mixed,Carnivore,Solitary,Terrestrial,YPM:VZ:YPM MAM 014872,https://n2t.net/ark:/87602/m4/M64578,"77, 124"
Tachyoryctes_splendens,Placentalia,Euarchontoglires,Rodentia,Spalacidae,extant,0,0,0,227.13,NA,Herbivore,Solitary,Fossorial,mnhn:zm:MO-1993-293,https://n2t.net/ark:/87602/m4/M55292,"77, 124"
Tadarida_brasiliensis,Placentalia,Laurasiatheria,Chiroptera,Molossidae,extant,0,0,0,12.61,NA,Carnivore,Social,Volant,AMNH:M-:89951,https://n2t.net/ark:/87602/m4/475082,"77, 124"
Talpa_europaea,Placentalia,Laurasiatheria,Eulipotyphla,Talpidae,extant,0,0,0,87.53,Mixed,Carnivore,Solitary,Fossorial,UMMZ:mammals:62225,https://n2t.net/ark:/87602/m4/570263,"77, 124"
Tamandua_sp,Placentalia,Xenarthra,Pilosa,Myrmecophagidae,extant,0,0,0,4800,Mixed,Carnivore,Solitary,Arboreal,NHMUK 1.8.3.5,Phenome10K,"77, 124"
Tamias_striatus,Placentalia,Euarchontoglires,Rodentia,Sciuridae,extant,0,0,0,111,NA,NA,Solitary,Semi-fossorial,UMZC:Vertebrates:E.1696,https://n2t.net/ark:/87602/m4/421225,"16, 124"
Taphozous_melanopogon,Placentalia,Laurasiatheria,Chiroptera,Emballonuridae,extant,0,0,0,25.99,Nocturnal,NA,Social,Volant,UMMZ:mammals:156810,https://n2t.net/ark:/87602/m4/M35744,"77, 124"
Tapirus_terrestris,Placentalia,Laurasiatheria,Perissodactyla,Tapiridae,extant,0,0,0,169496.64,Mixed,Herbivore,Solitary,Semi-Aquatic,tmm:m:16,https://n2t.net/ark:/87602/m4/M100744,"77, 124"
Tarsipes_rostratus,Metatheria,Marsupialia,Diprotodontia,Tarsipedidae,extant,0,0,0,9.66,Mixed,Herbivore,Solitary,Arboreal,UMMZ:mammals:122547,https://n2t.net/ark:/87602/m4/M82391,"77, 124"
Tarsius_tarsier,Placentalia,Euarchontoglires,Primates,Tarsiidae,extant,0,0,0,168.04,Nocturnal,Carnivore,Social,Arboreal,USNM:MAMM:USNM 200283,https://n2t.net/ark:/87602/m4/M10965,"77, 124"
Tayassu_pecari,Placentalia,Laurasiatheria,Artiodactyla,Tayassuidae,extant,0,0,0,31798.71,Mixed,Omnivore,Social,Terrestrial,USNM:MAMM:USNM 406851,https://n2t.net/ark:/87602/m4/M100741,"77, 124"
Tenrec_ecaudatus,Placentalia,Afrotheria,Afrosoricida,Tenrecidae,extant,0,0,0,887.59,Mixed,Omnivore,Solitary,Semi-fossorial,UMMZ:mammals:138441,https://n2t.net/ark:/87602/m4/M141221,"77, 124"
Thalassocnus_natans,Placentalia,Xenarthra,Pilosa,Nothrotheriidae,extinct,6.2895,7.246,5.333,75000,NA,Herbivore,NA,Aquatic,MNHN:SAS-734,http://dx.doi.org/10.18563/m3.sf.339,"104, 108"
Theropithecus_gelada,Placentalia,Euarchontoglires,Primates,Cercopithecidae,extant,0,0,0,15964.11,Diurnal,Herbivore,Social,Terrestrial,umzc:vertebrates:E5190D,https://n2t.net/ark:/87602/m4/636816,"77, 124"
Thryonomys_swinderianus,Placentalia,Euarchontoglires,Rodentia,Thryonomyidae,extant,0,0,0,3750.85,Nocturnal,Herbivore,Solitary,Terrestrial,AMNH:Mammals:M-54000,https://n2t.net/ark:/87602/m4/598466,"77, 124"
Thylacinus_cynocephalus,Metatheria,Marsupialia,Dasyuromorphia,Thylacinidae,extinct,0,0,0,29999.99,Mixed,Carnivore,NA,Terrestrial,AMNH:Mammals:M-35244,https://n2t.net/ark:/87602/m4/M167388,"77, 124"
Thylacoleo_carnifex,Metatheria,Marsupialia,Diprotodontia,Thylacoleonidae,extinct,2.989,5.333,0.645,108000,NA,Carnivore,NA,Terrestrial,SAM:280507,"Weisbecker et al., 2021","77, 124"
Thylogale_stigmatica,Metatheria,Marsupialia,Diprotodontia,Macropodidae,extant,0,0,0,4511.47,Nocturnal,Herbivore,Solitary,Terrestrial,AMNH:Mammals:M-107384,https://n2t.net/ark:/87602/m4/M84423,"77, 124"
Thyroptera_tricolor,Placentalia,Laurasiatheria,Chiroptera,Thyropteridae,extant,0,0,0,4.52,NA,Carnivore,Social,Volant,AMNH:M-:246233,https://n2t.net/ark:/87602/m4/475090,"77, 124"
Titanoides_primaevus,Placentalia,Laurasiatheria,Pantodonta,Titanoideidae,extinct,61,66,56,172032,NA,Herbivore,NA,Terrestrial,fmnh:pm:8655,https://n2t.net/ark:/87602/m4/408000,"9, 99"
Tomopeas_ravus,Placentalia,Laurasiatheria,Chiroptera,Molossidae,extant,0,0,0,3,NA,Carnivore,NA,Volant,AMNH:M-:278525,https://n2t.net/ark:/87602/m4/475091,124
Tragelaphus_scriptus,Placentalia,Laurasiatheria,Artiodactyla,Bovidae,extant,0,0,0,43250.39,Mixed,Herbivore,Solitary,Terrestrial,USNM:MAMM:USNM 164562,ark:/87602/m4/M100644,"77, 124"
Trichechus_senegalensis,Placentalia,Afrotheria,Sirenia,Trichechidae,extant,0,0,0,454000,NA,Herbivore,Social,Aquatic,AMNH:Mammals:M-53939,https://n2t.net/ark:/87602/m4/M167390,"77, 124"
Trichosurus_vulpecula,Metatheria,Marsupialia,Diprotodontia,Phalangeridae,extant,0,0,0,2685.39,Nocturnal,Herbivore,Solitary,Arboreal,AMNH:Mammals:M-65558,https://n2t.net/ark:/87602/m4/M99427,"77, 124"
Trinomys_iheringi,Placentalia,Euarchontoglires,Rodentia,Echimyidae,extant,0,0,0,220.39,NA,NA,NA,NA,LACM:Mammals:62954,https://n2t.net/ark:/87602/m4/M114308,"77, 124"
Trogosus_hillsii,Placentalia,Laurasiatheria,Tillodontia,Esthonychidae,extinct,50.95,56,45.9,8669,NA,Herbivore,NA,Terrestrial,usnm:paleobiology:V17157,https://n2t.net/ark:/87602/m4/519070,"9, 127"
Tupaia_belangeri,Placentalia,Euarchontoglires,Scandentia,Tupaiidae,extant,0,0,0,200,NA,Omnivore,NA,Arboreal,UMZC:Vertebrates:E.4061.C,https://n2t.net/ark:/87602/m4/569694,"77, 124"
Tylomys_nudicaudus,Placentalia,Euarchontoglires,Rodentia,Cricetidae,extant,0,0,0,181.65,Diurnal,Herbivore,NA,Semi-arboreal,ummz:mammals:114186,https://n2t.net/ark:/87602/m4/673070,"77, 124"
Typotheriopsis_sp,Placentalia,Laurasiatheria,Notoungulata,Mesotheriidae,extinct,7.315,11.63,3,6846,NA,NA,NA,NA,fmnh:p:14420,https://n2t.net/ark:/87602/m4/408006,"99, 171"
Uintatherium_anceps,Placentalia,Laurasiatheria,Dinocerata,Uintatheriidae,extinct,45.9,51.1,39.7,1250000,NA,Herbivore,NA,Terrestrial,YPM:VP:011036,https://n2t.net/ark:/87602/m4/382600,"9, 64, 99 "
Urocitellus_columbianus,Placentalia,Euarchontoglires,Rodentia,Sciuridae,extant,0,0,0,470.94,Diurnal,Herbivore,Social,Semi-fossorial,UMMZ:mammals:78953,https://n2t.net/ark:/87602/m4/569183,"77, 124"
Urocyon_littoralis,Placentalia,Laurasiatheria,Carnivora,Canidae,extant,0,0,0,1923,Mixed,Omnivore,Solitary,Terrestrial,LACM:Mammals:75000,https://n2t.net/ark:/87602/m4/740169,"77, 124"
Uromys_caudimaculatus,Placentalia,Euarchontoglires,Rodentia,Muridae,extant,0,0,0,644.42,Diurnal,Omnivore,NA,NA,SAMA:Mammalogy:M14794,https://n2t.net/ark:/87602/m4/535890,"77, 124"
Uropsilus_gracilis,Placentalia,Laurasiatheria,Eulipotyphla,Talpidae,extant,0,0,0,16,NA,NA,NA,NA,AMNH:Mammals:M-115559,https://n2t.net/ark:/87602/m4/692651,"77, 124"
Ursus_arctos,Placentalia,Laurasiatheria,Carnivora,Ursidae,extant,0,0,0,196287.5,Mixed,Omnivore,Solitary,Terrestrial,USNM:MAMM:USNM 82003,https://n2t.net/ark:/87602/m4/M100638,"77, 124"
Ustatochoerus_profectus,Placentalia,Laurasiatheria,Artiodactyla,Merycoidodontidae,extinct,13.87,23.04,4.7,24000,NA,Herbivore,NA,Terrestrial,amnh:fm:33617,https://n2t.net/ark:/87602/m4/396566,"99, 192"
Vampyrum_spectrum,Placentalia,Laurasiatheria,Chiroptera,Phyllostomidae,extant,0,0,0,171.61,NA,Carnivore,Social,Volant,AMNH:M-:202292,https://n2t.net/ark:/87602/m4/475100,"77, 124"
Vandeleuria_oleracea,Placentalia,Euarchontoglires,Rodentia,Muridae,extant,0,0,0,10,NA,NA,NA,Semi-arboreal,AMNH:Mammals:M-241515,https://n2t.net/ark:/87602/m4/M100503,"124, 102"
Varecia_variegata,Placentalia,Euarchontoglires,Primates,Lemuridae,extant,0,0,0,3849.99,Mixed,Herbivore,Social,Arboreal,umzc:vertebrates:E5190D,https://n2t.net/ark:/87602/m4/636816,"77, 124"
Vombatus_ursinus,Metatheria,Marsupialia,Diprotodontia,Vombatidae,extant,0,0,0,26000,Nocturnal,Herbivore,Solitary,Semi-fossorial,TMM:M:2953,https://n2t.net/ark:/87602/m4/606274,"77, 124"
Vulpes_lagopus,Placentalia,Laurasiatheria,Carnivora,Canidae,extant,0,0,0,3584.37,Mixed,Carnivore,Solitary,Terrestrial,UMZC:Vertebrates:K.3669,https://n2t.net/ark:/87602/m4/421540,"77, 124"
Wallabia_bicolor,Metatheria,Marsupialia,Diprotodontia,Macropodidae,extant,0,0,0,14999.95,Nocturnal,Herbivore,Solitary,Terrestrial,NMVC:10226,"Weisbecker et al., 2021","77, 124"
Yalkaparidon_coheni,Metatheria,Marsupialia,Yalkaparidontia,Yalkaparidontidae,extinct,19.51,23.04,15.98,160,NA,NA,NA,NA,QMF:13008,"Weisbecker et al., 2021",34
Zaglossus_bartoni,Monotremata,Monotremata,Monotremata,Tachyglossidae,extant,0,0,0,6881.25,Nocturnal,Carnivore,Solitary,Semi-fossorial,AMNH:Mammals:M-157072,https://n2t.net/ark:/87602/m4/M167396,"100, 124"
Zalophus_californianus,Placentalia,Laurasiatheria,Carnivora,Otariidae,extant,0,0,0,137194.86,Mixed,Carnivore,Social,Aquatic,ucla:252,https://n2t.net/ark:/87602/m4/M100089,"77, 124"
Zapus_hudsonius,Placentalia,Euarchontoglires,Rodentia,Zapodidae,extant,0,0,0,18.43,NA,Herbivore,Solitary,Terrestrial,UMMZ:mammals:157417,https://n2t.net/ark:/87602/m4/M141228,"77, 124"
Zenkerella_insignis,Placentalia,Euarchontoglires,Rodentia,Zenkerellidae,extant,0,0,0,200,NA,NA,NA,Arboreal,nhmuk:5.5.23.27,https://n2t.net/ark:/87602/m4/M154996,"77, 124"
Zodiolestes_daimonedlixensis,Placentalia,Laurasiatheria,Carnivora,Mustelidae,extinct,19.7,23.1,16.3,5000,NA,Omnivore,NA,Semi-arboreal,fmnh:p:12032,https://n2t.net/ark:/87602/m4/408012,"99, 170"
Zygodontomys_brevicauda,Placentalia,Euarchontoglires,Rodentia,Cricetidae,extant,0,0,0,52.22,Nocturnal,Omnivore,NA,NA,UMMZ:mammals:111960,https://n2t.net/ark:/87602/m4/M68573,"77, 124"
Zygomaturus_trilobus,Metatheria,Marsupialia,Diprotodontia,Diprotodontidae,extinct,3.6405,7.246,0.035,500000,NA,Herbivore,NA,Terrestrial,QVM1992:GFV73,"Weisbecker et al., 2021",105
